agency_name,county,population,nibrs_start_date,murder_and_nonnegligent_manslaughter,negligent_manslaughter,rape,robbery,assault,burglary,larceny_theft,motor_vehicle_theft,arson,human_trafficking_commercial_sex_acts,human_trafficking_involuntary_servitude,months_reported,report_year,agency_type,university_pd,nibrs_eligible_months,has_preliminary_nibrs_reporting,nibrs_contribution_percentage
ALAMO PD,Hidalgo County,19351,2018-08-01,0,0,0,0,0,0,0,0,0,0,0,0,2017-12-31,Police Department,False,0,False,0.0
ALPINE PD,Brewster County,5983,2020-04-01,0,0,0,0,0,0,0,0,0,0,0,0,2017-12-31,Police Department,False,0,False,0.0
ALTON PD,Hidalgo County,17432,2019-09-01,0,0,0,0,0,0,0,0,0,0,0,0,2017-12-31,Police Department,False,0,False,0.0
ANTHONY PD,El Paso County,5681,2020-12-01,0,0,0,0,0,0,0,0,0,0,0,0,2017-12-31,Police Department,False,0,False,0.0
BREWSTER CO SO,Brewster County,3196,2015-01-01,1,0,2,0,19,4,9,3,1,0,0,11,2017-12-31,Sheriff's Office,False,12,False,91.67
BROWNSVILLE ISD PD,Cameron County,0,2020-10-01,0,0,0,0,0,0,0,0,0,0,0,0,2017-12-31,Police Department,False,0,False,0.0
BROWNSVILLE PD,Cameron County,185216,2018-03-01,0,0,0,0,2,0,0,0,0,0,0,2,2017-12-31,Police Department,False,0,True,100.0
CAMERON CO CONSTABLE PCT 3,Cameron County,0,2023-11-01,0,0,0,0,0,0,0,0,0,0,0,0,2017-12-31,Constable,False,0,False,0.0
CAMERON CO CONSTABLE PCT 4,Cameron County,0,2023-09-01,0,0,0,0,0,0,0,0,0,0,0,0,2017-12-31,Constable,False,0,False,0.0
CAMERON CO SO,Cameron County,104705,2021-01-01,0,0,0,0,0,0,0,0,0,0,0,0,2017-12-31,Sheriff's Office,False,0,False,0.0
CLINT PD,El Paso County,1175,2021-01-01,0,0,0,0,0,0,0,0,0,0,0,0,2017-12-31,Police Department,False,0,False,0.0
COMBES PD,Cameron County,3079,2019-10-01,0,0,0,0,0,0,0,0,0,0,0,0,2017-12-31,Police Department,False,0,False,0.0
DEL RIO PD,Val Verde County,35994,2022-01-01,0,0,0,0,0,0,0,0,0,0,0,0,2017-12-31,Police Department,False,0,False,0.0
DONNA PD,Hidalgo County,16641,2017-04-01,0,0,18,7,256,164,560,43,0,0,0,10,2017-12-31,Police Department,False,9,True,100.0
EAGLE PASS PD,Maverick County,29257,2021-01-01,0,0,0,0,0,0,0,0,0,0,0,0,2017-12-31,Police Department,False,0,False,0.0
EDCOUCH PD,Hidalgo County,3397,2015-07-01,0,0,1,0,12,5,11,3,0,0,0,9,2017-12-31,Police Department,False,12,False,75.0
EDINBURG CISD PD,Hidalgo County,0,2020-12-01,0,0,0,0,0,0,0,0,0,0,0,0,2017-12-31,Police Department,False,0,False,0.0
EDINBURG PD,Hidalgo County,89595,2021-01-01,0,0,0,0,0,0,0,0,0,0,0,0,2017-12-31,Police Department,False,0,False,0.0
EL PASO CO SO,El Paso County,94214,2019-10-01,0,0,0,0,0,0,0,0,0,0,0,0,2017-12-31,Sheriff's Office,False,0,False,0.0
EL PASO COMM COLLEGE PD,El Paso County,0,2021-01-01,0,0,0,0,0,0,0,0,0,0,0,0,2017-12-31,Sheriff's Office,True,0,False,0.0
EL PASO ISD PD,El Paso County,0,2021-01-01,0,0,0,0,0,0,0,0,0,0,0,0,2017-12-31,Sheriff's Office,False,0,False,0.0
EL PASO PD,El Paso County,688667,2019-08-01,0,0,0,0,0,0,0,0,0,0,0,0,2017-12-31,Sheriff's Office,False,0,False,0.0
ELSA PD,Hidalgo County,6798,2021-01-01,0,0,0,0,0,0,0,0,0,0,0,0,2017-12-31,Police Department,False,0,False,0.0
HARLINGEN PD,Cameron County,65617,2018-01-01,0,0,0,0,0,0,0,0,0,0,0,0,2017-12-31,Police Department,False,0,False,0.0
HIDALGO CO CONSTABLE PCT 1,Hidalgo County,0,2021-01-01,0,0,0,0,0,0,0,0,0,0,0,0,2017-12-31,Constable,False,0,False,0.0
HIDALGO CO CONSTABLE PCT 4,Hidalgo County,0,2023-09-01,0,0,0,0,0,0,0,0,0,0,0,0,2017-12-31,Constable,False,0,False,0.0
HIDALGO CO CONSTABLE PCT. 5,Hidalgo County,0,2023-09-01,0,0,0,0,0,0,0,0,0,0,0,0,2017-12-31,Constable,False,0,False,0.0
HIDALGO CO SO,Hidalgo County,261765,2019-09-01,0,0,0,0,0,0,0,0,0,0,0,0,2017-12-31,Sheriff's Office,False,0,False,0.0
HIDALGO PD,Hidalgo County,14048,2021-01-01,0,0,0,0,0,0,0,0,0,0,0,0,2017-12-31,Police Department,False,0,False,0.0
HORIZON CITY PD,El Paso County,19695,2021-01-01,0,0,0,0,0,0,0,0,0,0,0,0,2017-12-31,Police Department,False,0,False,0.0
HUDSPETH CO SO,Hudspeth County,4166,2018-04-01,0,0,0,0,0,0,0,0,0,0,0,0,2017-12-31,Sheriff's Office,False,0,False,0.0
JEFF DAVIS CO SO,Jeff Davis County,2175,2021-01-01,0,0,0,0,0,0,0,0,0,0,0,0,2017-12-31,Sheriff's Office,False,0,False,0.0
KINNEY CO SO,Kinney County,1913,2022-08-01,0,0,0,0,0,0,0,0,0,0,0,0,2017-12-31,Sheriff's Office,False,0,False,0.0
LA FERIA PD,Cameron County,7279,2021-01-01,0,0,0,0,0,0,0,0,0,0,0,0,2017-12-31,Police Department,False,0,False,0.0
LA GRULLA PD,Starr County,1720,2018-05-01,0,0,0,0,0,0,0,0,0,0,0,0,2017-12-31,Police Department,False,0,False,0.0
LA JOYA PD,Hidalgo County,4343,2021-01-01,0,0,0,0,0,0,0,0,0,0,0,0,2017-12-31,Police Department,False,0,False,0.0
LA VILLA PD,Hidalgo County,2702,2015-07-01,0,0,1,0,13,8,12,0,0,0,0,10,2017-12-31,Police Department,False,12,False,83.33
LAGUNA VISTA PD,Cameron County,3207,2018-04-01,0,0,0,0,0,0,0,0,0,0,0,0,2017-12-31,Police Department,False,0,False,0.0
LAREDO ISD PD,Webb County,0,2020-09-01,0,0,0,0,0,0,0,0,0,0,0,0,2017-12-31,Police Department,False,0,False,0.0
LAREDO PD,Webb County,260669,2019-01-01,0,0,1,0,0,0,2,0,0,0,0,3,2017-12-31,Police Department,False,0,True,100.0
LOS FRESNOS PD,Cameron County,6779,2017-10-01,0,0,3,1,15,7,49,2,0,0,0,3,2017-12-31,Police Department,False,3,False,100.0
MARFA PD,Presidio County,1709,2021-01-01,0,0,0,0,0,0,0,0,0,0,0,0,2017-12-31,Police Department,False,0,False,0.0
MAVERICK CO SO,Maverick County,28918,2021-01-01,0,0,0,0,0,0,0,0,0,0,0,0,2017-12-31,Sheriff's Office,False,0,False,0.0
MCALLEN ISD PD,Hidalgo County,0,2020-11-01,0,0,0,0,0,0,0,0,0,0,0,0,2017-12-31,Police Department,False,0,False,0.0
MCALLEN PD,Hidalgo County,144162,2021-01-01,0,0,0,0,0,0,0,0,0,0,0,0,2017-12-31,Police Department,False,0,False,0.0
MERCEDES PD,Hidalgo County,16762,2020-07-01,0,0,0,0,0,0,0,0,0,0,0,0,2017-12-31,Police Department,False,0,False,0.0
MISSION PD,Hidalgo County,84511,2021-10-01,0,0,0,0,0,0,0,0,0,0,0,0,2017-12-31,Police Department,False,0,False,0.0
PALM VALLEY PD,Cameron County,1288,2021-01-01,0,0,0,0,0,0,0,0,0,0,0,0,2017-12-31,Police Department,False,0,False,0.0
PALMHURST PD,Hidalgo County,2746,2019-10-01,0,0,0,0,0,0,0,0,0,0,0,0,2017-12-31,Police Department,False,0,False,0.0
PALMVIEW PD,Hidalgo County,5791,2018-02-01,0,0,0,0,0,0,0,0,0,0,0,0,2017-12-31,Police Department,False,0,False,0.0
PENITAS PD,Hidalgo County,4935,2019-01-01,0,0,0,0,0,0,0,0,0,0,0,0,2017-12-31,Police Department,False,0,False,0.0
PHARR PD,Hidalgo County,78467,2021-01-01,0,0,0,0,0,0,0,0,0,0,0,0,2017-12-31,Police Department,False,0,False,0.0
POINT ISABEL ISD PD,Cameron County,0,2022-01-01,0,0,0,0,0,0,0,0,0,0,0,0,2017-12-31,Police Department,False,0,False,0.0
PORT ISABEL PD,Cameron County,5017,2018-01-01,0,0,0,0,0,0,1,0,0,0,0,1,2017-12-31,Police Department,False,0,True,100.0
PORT OF BROWNSVILLE PD,Cameron County,0,2019-09-01,0,0,0,0,0,0,0,0,0,0,0,0,2017-12-31,Police Department,False,0,False,0.0
PRESIDIO CO SO,Presidio County,2928,2018-10-01,0,0,0,0,0,0,0,0,0,0,0,0,2017-12-31,Sheriff's Office,False,0,False,0.0
PRESIDIO PD,Presidio County,3882,2023-01-01,0,0,0,0,0,0,0,0,0,0,0,0,2017-12-31,Police Department,False,0,False,0.0
PRIMERA PD,Cameron County,4860,2021-01-01,0,0,0,0,0,0,0,0,0,0,0,0,2017-12-31,Police Department,False,0,False,0.0
RANCHO VIEJO PD,Cameron County,2504,2020-11-01,0,0,0,0,0,0,0,0,0,0,0,0,2017-12-31,Police Department,False,0,False,0.0
RIO GRANDE CITY ISD PD,Starr County,0,2021-01-01,0,0,0,0,0,0,0,0,0,0,0,0,2017-12-31,Police Department,False,0,False,0.0
RIO GRANDE CITY PD,Starr County,14592,2019-07-01,0,0,0,0,0,0,0,0,0,0,0,0,2017-12-31,Police Department,False,0,False,0.0
RIO HONDO PD,Cameron County,2650,2019-01-01,0,0,0,0,0,0,0,0,0,0,0,0,2017-12-31,Police Department,False,0,False,0.0
ROMA ISD PD,Starr County,0,2019-03-01,0,0,0,0,0,0,0,0,0,0,0,0,2017-12-31,Police Department,False,0,False,0.0
ROMA PD,Starr County,10345,2016-12-01,0,0,2,0,113,27,82,22,0,0,0,12,2017-12-31,Police Department,False,12,False,100.0
SAN BENITO PD,Cameron County,24503,2020-11-01,0,0,0,0,0,0,0,0,0,0,0,0,2017-12-31,Police Department,False,0,False,0.0
SAN ELIZARIO MARSHALS OFFICE,El Paso County,0,2021-01-01,0,0,0,0,0,0,0,0,0,0,0,0,2017-12-31,,False,0,False,0.0
SAN JUAN PD,Hidalgo County,37114,2016-11-01,1,1,25,22,447,113,725,53,1,0,0,12,2017-12-31,Police Department,False,12,False,100.0
SANTA ROSA ISD PD,Cameron County,0,2022-01-01,0,0,0,0,0,0,0,0,0,0,0,0,2017-12-31,Police Department,False,0,False,0.0
SOCORRO ISD PD,El Paso County,0,2021-01-01,0,0,0,0,0,0,0,0,0,0,0,0,2017-12-31,Sheriff's Office,False,0,False,0.0
SOCORRO PD,El Paso County,33473,2021-01-01,0,0,0,0,0,0,0,0,0,0,0,0,2017-12-31,Sheriff's Office,False,0,False,0.0
SOUTH PADRE ISLAND PD,Cameron County,2881,2018-01-01,0,0,0,0,0,0,0,0,0,0,0,0,2017-12-31,Sheriff's Office,False,0,False,0.0
STARR CO SO,Starr County,37903,2021-01-01,0,0,0,0,0,0,0,0,0,0,0,0,2017-12-31,Sheriff's Office,False,0,False,0.0
SUL ROSS STATE UNIV PD,Brewster County,0,2018-04-01,0,0,0,0,0,0,0,0,0,0,0,0,2017-12-31,Police Department,True,0,False,0.0
SULLIVAN CITY PD,Hidalgo County,4223,2019-09-01,0,0,0,0,0,0,0,0,0,0,0,0,2017-12-31,Police Department,False,0,False,0.0
TERRELL CO SO,Terrell County,782,2021-01-01,0,0,0,0,0,0,0,0,0,0,0,0,2017-12-31,Sheriff's Office,False,0,False,0.0
TSTC: HARLINGEN PD,Cameron County,0,2020-10-01,0,0,0,0,0,0,0,0,0,0,0,0,2017-12-31,Police Department,False,0,False,0.0
TX A&M UNIV INTERNATIONAL PD,Webb County,0,2021-01-01,0,0,0,0,0,0,0,0,0,0,0,0,2017-12-31,Police Department,True,0,False,0.0
UNITED ISD PD,Webb County,0,2020-12-01,0,0,0,0,0,0,0,0,0,0,0,0,2017-12-31,Police Department,False,0,False,0.0
UNIV OF TX RIO GRANDE VALLEY PD,Hidalgo County,0,2020-02-01,0,0,0,0,0,0,0,0,0,0,0,0,2017-12-31,Police Department,True,0,False,0.0
UNIV OF TX: EL PASO PD,El Paso County,0,2020-05-01,0,0,0,0,0,0,0,0,0,0,0,0,2017-12-31,Sheriff's Office,True,0,False,0.0
VAL VERDE CO SO,Val Verde County,12815,2020-03-01,0,0,0,0,0,0,0,0,0,0,0,0,2017-12-31,Sheriff's Office,False,0,False,0.0
WEBB CO CONSTABLE PCT 1 (PD),Webb County,0,2023-08-01,0,0,0,0,0,0,0,0,0,0,0,0,2017-12-31,Constable,False,0,False,0.0
WEBB CO SO,Webb County,8958,2019-09-01,0,0,0,0,0,0,0,0,0,0,0,0,2017-12-31,Sheriff's Office,False,0,False,0.0
WESLACO PD,Hidalgo County,40554,2021-01-01,0,0,1,0,0,0,0,0,0,0,0,1,2017-12-31,Police Department,False,0,True,100.0
ZAPATA CO SO,Zapata County,14380,2020-01-01,0,0,0,0,0,0,0,0,0,0,0,0,2017-12-31,Sheriff's Office,False,0,False,0.0
ALAMO PD,Hidalgo County,19840,2018-08-01,0,0,8,6,109,44,357,18,2,0,0,6,2018-12-31,Police Department,False,5,True,100.0
ALPINE PD,Brewster County,6073,2020-04-01,0,0,0,0,0,0,0,0,0,0,0,0,2018-12-31,Police Department,False,0,False,0.0
ALTON PD,Hidalgo County,17805,2019-09-01,0,0,0,0,0,0,0,0,0,0,0,0,2018-12-31,Police Department,False,0,False,0.0
ANTHONY PD,El Paso County,5761,2020-12-01,0,0,0,0,0,0,0,0,0,0,0,0,2018-12-31,Police Department,False,0,False,0.0
BREWSTER CO SO,Brewster County,3250,2015-01-01,0,0,3,1,16,7,8,0,1,0,0,11,2018-12-31,Sheriff's Office,False,12,False,91.67
BROWNSVILLE ISD PD,Cameron County,0,2020-10-01,0,0,0,0,0,0,0,0,0,0,0,0,2018-12-31,Police Department,False,0,False,0.0
BROWNSVILLE PD,Cameron County,184461,2018-03-01,2,0,3,118,2169,453,3482,118,7,0,0,12,2018-12-31,Police Department,False,10,True,100.0
CAMERON CO CONSTABLE PCT 3,Cameron County,0,2023-11-01,0,0,0,0,0,0,0,0,0,0,0,0,2018-12-31,Constable,False,0,False,0.0
CAMERON CO CONSTABLE PCT 4,Cameron County,0,2023-09-01,0,0,0,0,0,0,0,0,0,0,0,0,2018-12-31,Constable,False,0,False,0.0
CAMERON CO SO,Cameron County,104557,2021-01-01,0,0,0,0,0,0,0,0,0,0,0,0,2018-12-31,Sheriff's Office,False,0,False,0.0
CLINT PD,El Paso County,1166,2021-01-01,0,0,0,0,0,0,0,0,0,0,0,0,2018-12-31,Police Department,False,0,False,0.0
COMBES PD,Cameron County,3090,2019-10-01,0,0,0,0,0,0,0,0,0,0,0,0,2018-12-31,Police Department,False,0,False,0.0
DEL RIO PD,Val Verde County,36007,2022-01-01,0,0,0,0,0,0,0,0,0,0,0,0,2018-12-31,Police Department,False,0,False,0.0
DONNA PD,Hidalgo County,16761,2017-04-01,1,3,22,16,371,136,745,45,2,0,0,12,2018-12-31,Police Department,False,12,False,100.0
EAGLE PASS PD,Maverick County,29329,2021-01-01,0,0,0,0,0,0,0,0,0,0,0,0,2018-12-31,Police Department,False,0,False,0.0
EDCOUCH PD,Hidalgo County,3393,2015-07-01,0,0,1,1,17,6,19,0,1,0,0,12,2018-12-31,Police Department,False,12,False,100.0
EDINBURG CISD PD,Hidalgo County,0,2020-12-01,0,0,0,0,0,0,0,0,0,0,0,0,2018-12-31,Police Department,False,0,False,0.0
EDINBURG PD,Hidalgo County,92391,2021-01-01,0,0,0,0,0,0,0,0,0,0,0,0,2018-12-31,Police Department,False,0,False,0.0
EL PASO CO SO,El Paso County,84623,2019-10-01,0,0,0,0,0,0,0,0,0,0,0,0,2018-12-31,Sheriff's Office,False,0,False,0.0
EL PASO COMM COLLEGE PD,El Paso County,0,2021-01-01,0,0,0,0,0,0,0,0,0,0,0,0,2018-12-31,Sheriff's Office,True,0,False,0.0
EL PASO ISD PD,El Paso County,0,2021-01-01,0,0,0,0,0,0,0,0,0,0,0,0,2018-12-31,Sheriff's Office,False,0,False,0.0
EL PASO PD,El Paso County,688442,2019-08-01,0,0,0,0,0,0,0,0,0,0,0,0,2018-12-31,Sheriff's Office,False,0,False,0.0
ELSA PD,Hidalgo County,7274,2021-01-01,0,0,0,0,0,0,0,0,0,0,0,0,2018-12-31,Police Department,False,0,False,0.0
HARLINGEN PD,Cameron County,65525,2018-01-01,2,0,49,50,1328,464,2295,81,12,1,0,12,2018-12-31,Police Department,False,12,False,100.0
HIDALGO CO CONSTABLE PCT 1,Hidalgo County,0,2021-01-01,0,0,0,0,0,0,0,0,0,0,0,0,2018-12-31,Constable,False,0,False,0.0
HIDALGO CO CONSTABLE PCT 4,Hidalgo County,0,2023-09-01,0,0,0,0,0,0,0,0,0,0,0,0,2018-12-31,Constable,False,0,False,0.0
HIDALGO CO CONSTABLE PCT. 5,Hidalgo County,0,2023-09-01,0,0,0,0,0,0,0,0,0,0,0,0,2018-12-31,Constable,False,0,False,0.0
HIDALGO CO SO,Hidalgo County,262432,2019-09-01,0,0,0,0,0,0,0,0,0,0,0,0,2018-12-31,Sheriff's Office,False,0,False,0.0
HIDALGO PD,Hidalgo County,14133,2021-01-01,0,0,0,0,0,0,0,0,0,0,0,0,2018-12-31,Police Department,False,0,False,0.0
HORIZON CITY PD,El Paso County,19978,2021-01-01,0,0,0,0,0,0,0,0,0,0,0,0,2018-12-31,Police Department,False,0,False,0.0
HUDSPETH CO SO,Hudspeth County,4558,2018-04-01,0,0,0,0,20,20,4,8,0,0,0,9,2018-12-31,Sheriff's Office,False,9,False,100.0
JEFF DAVIS CO SO,Jeff Davis County,2265,2021-01-01,0,0,0,0,0,0,0,0,0,0,0,0,2018-12-31,Sheriff's Office,False,0,False,0.0
KINNEY CO SO,Kinney County,2008,2022-08-01,0,0,0,0,0,0,0,0,0,0,0,0,2018-12-31,Sheriff's Office,False,0,False,0.0
LA FERIA PD,Cameron County,7384,2021-01-01,0,0,0,0,0,0,0,0,0,0,0,0,2018-12-31,Police Department,False,0,False,0.0
LA GRULLA PD,Starr County,1711,2018-05-01,0,0,0,0,10,0,1,1,0,0,0,7,2018-12-31,Police Department,False,8,False,87.5
LA JOYA PD,Hidalgo County,4328,2021-01-01,0,0,0,0,0,0,0,0,0,0,0,0,2018-12-31,Police Department,False,0,False,0.0
LA VILLA PD,Hidalgo County,2785,2015-07-01,0,0,0,0,3,2,7,0,0,0,0,6,2018-12-31,Police Department,False,12,False,50.0
LAGUNA VISTA PD,Cameron County,3206,2018-04-01,0,0,0,0,21,13,5,1,0,0,0,9,2018-12-31,Police Department,False,9,False,100.0
LAREDO ISD PD,Webb County,0,2020-09-01,0,0,0,0,0,0,0,0,0,0,0,0,2018-12-31,Police Department,False,0,False,0.0
LAREDO PD,Webb County,264214,2019-01-01,0,0,1,0,0,0,0,0,0,0,0,1,2018-12-31,Police Department,False,0,True,100.0
LOS FRESNOS PD,Cameron County,7947,2017-10-01,0,0,2,0,55,11,117,8,1,0,0,12,2018-12-31,Police Department,False,12,False,100.0
MARFA PD,Presidio County,1742,2021-01-01,0,0,0,0,0,0,0,0,0,0,0,0,2018-12-31,Police Department,False,0,False,0.0
MAVERICK CO SO,Maverick County,29282,2021-01-01,0,0,0,0,0,0,0,0,0,0,0,0,2018-12-31,Sheriff's Office,False,0,False,0.0
MCALLEN ISD PD,Hidalgo County,0,2020-11-01,0,0,0,0,0,0,0,0,0,0,0,0,2018-12-31,Police Department,False,0,False,0.0
MCALLEN PD,Hidalgo County,144363,2021-01-01,0,0,0,0,0,0,0,0,0,0,0,0,2018-12-31,Police Department,False,0,False,0.0
MERCEDES PD,Hidalgo County,16869,2020-07-01,0,0,0,0,0,0,0,0,0,0,0,0,2018-12-31,Police Department,False,0,False,0.0
MISSION PD,Hidalgo County,85368,2021-10-01,0,0,1,0,0,0,0,0,0,0,0,1,2018-12-31,Police Department,False,0,True,100.0
PALM VALLEY PD,Cameron County,1265,2021-01-01,0,0,0,0,0,0,0,0,0,0,0,0,2018-12-31,Police Department,False,0,False,0.0
PALMHURST PD,Hidalgo County,2765,2019-10-01,0,0,0,0,0,0,0,0,0,0,0,0,2018-12-31,Police Department,False,0,False,0.0
PALMVIEW PD,Hidalgo County,5842,2018-02-01,0,0,0,9,144,41,193,18,0,0,0,11,2018-12-31,Police Department,False,11,False,100.0
PENITAS PD,Hidalgo County,4961,2019-01-01,0,0,0,0,0,0,0,0,0,0,0,0,2018-12-31,Police Department,False,0,False,0.0
PHARR PD,Hidalgo County,80814,2021-01-01,0,0,2,0,0,0,0,0,0,0,0,1,2018-12-31,Police Department,False,0,True,100.0
POINT ISABEL ISD PD,Cameron County,0,2022-01-01,0,0,0,0,0,0,0,0,0,0,0,0,2018-12-31,Police Department,False,0,False,0.0
PORT ISABEL PD,Cameron County,5064,2018-01-01,0,1,1,0,69,17,143,9,0,0,0,12,2018-12-31,Police Department,False,12,False,100.0
PORT OF BROWNSVILLE PD,Cameron County,0,2019-09-01,0,0,0,0,0,0,0,0,0,0,0,0,2018-12-31,Police Department,False,0,False,0.0
PRESIDIO CO SO,Presidio County,2990,2018-10-01,0,0,0,0,0,0,0,1,0,0,0,1,2018-12-31,Sheriff's Office,False,3,False,33.33
PRESIDIO PD,Presidio County,4050,2023-01-01,0,0,0,0,0,0,0,0,0,0,0,0,2018-12-31,Police Department,False,0,False,0.0
PRIMERA PD,Cameron County,4954,2021-01-01,0,0,0,0,0,0,0,0,0,0,0,0,2018-12-31,Police Department,False,0,False,0.0
RANCHO VIEJO PD,Cameron County,2483,2020-11-01,0,0,0,0,0,0,0,0,0,0,0,0,2018-12-31,Police Department,False,0,False,0.0
RIO GRANDE CITY ISD PD,Starr County,0,2021-01-01,0,0,0,0,0,0,0,0,0,0,0,0,2018-12-31,Police Department,False,0,False,0.0
RIO GRANDE CITY PD,Starr County,14617,2019-07-01,0,0,0,0,0,0,0,0,0,0,0,0,2018-12-31,Police Department,False,0,False,0.0
RIO HONDO PD,Cameron County,2835,2019-01-01,0,0,0,0,0,0,0,0,0,0,0,0,2018-12-31,Police Department,False,0,False,0.0
ROMA ISD PD,Starr County,0,2019-03-01,0,0,0,0,0,0,0,0,0,0,0,0,2018-12-31,Police Department,False,0,False,0.0
ROMA PD,Starr County,11506,2016-12-01,0,0,4,2,119,17,49,18,0,0,0,12,2018-12-31,Police Department,False,12,False,100.0
SAN BENITO PD,Cameron County,24559,2020-11-01,0,0,0,0,0,0,0,0,0,0,0,0,2018-12-31,Police Department,False,0,False,0.0
SAN ELIZARIO MARSHALS OFFICE,El Paso County,9161,2021-01-01,0,0,0,0,0,0,0,0,0,0,0,0,2018-12-31,,False,0,False,0.0
SAN JUAN PD,Hidalgo County,37398,2016-11-01,1,1,20,14,462,100,726,47,1,0,0,12,2018-12-31,Police Department,False,12,False,100.0
SANTA ROSA ISD PD,Cameron County,0,2022-01-01,0,0,0,0,0,0,0,0,0,0,0,0,2018-12-31,Police Department,False,0,False,0.0
SOCORRO ISD PD,El Paso County,0,2021-01-01,0,0,0,0,0,0,0,0,0,0,0,0,2018-12-31,Sheriff's Office,False,0,False,0.0
SOCORRO PD,El Paso County,34327,2021-01-01,0,0,0,0,0,0,0,0,0,0,0,0,2018-12-31,Sheriff's Office,False,0,False,0.0
SOUTH PADRE ISLAND PD,Cameron County,2830,2018-01-01,0,0,23,1,189,37,402,29,0,0,0,12,2018-12-31,Sheriff's Office,False,12,False,100.0
STARR CO SO,Starr County,36924,2021-01-01,0,0,0,0,0,0,0,0,0,0,0,0,2018-12-31,Sheriff's Office,False,0,False,0.0
SUL ROSS STATE UNIV PD,Brewster County,0,2018-04-01,0,0,0,0,4,4,4,0,0,0,0,5,2018-12-31,Police Department,True,9,False,55.56
SULLIVAN CITY PD,Hidalgo County,4172,2019-09-01,0,0,0,0,0,0,0,0,0,0,0,0,2018-12-31,Police Department,False,0,False,0.0
TERRELL CO SO,Terrell County,783,2021-01-01,0,0,0,0,0,0,0,0,0,0,0,0,2018-12-31,Sheriff's Office,False,0,False,0.0
TSTC: HARLINGEN PD,Cameron County,0,2020-10-01,0,0,0,0,0,0,0,0,0,0,0,0,2018-12-31,Police Department,False,0,False,0.0
TX A&M UNIV INTERNATIONAL PD,Webb County,0,2021-01-01,0,0,0,0,0,0,0,0,0,0,0,0,2018-12-31,Police Department,True,0,False,0.0
UNITED ISD PD,Webb County,0,2020-12-01,0,0,0,0,0,0,0,0,0,0,0,0,2018-12-31,Police Department,False,0,False,0.0
UNIV OF TX RIO GRANDE VALLEY PD,Hidalgo County,0,2020-02-01,0,0,0,0,0,0,0,0,0,0,0,0,2018-12-31,Police Department,True,0,False,0.0
UNIV OF TX: EL PASO PD,El Paso County,0,2020-05-01,0,0,0,0,0,0,0,0,0,0,0,0,2018-12-31,Sheriff's Office,True,0,False,0.0
VAL VERDE CO SO,Val Verde County,13092,2020-03-01,0,0,0,0,0,0,0,0,0,0,0,0,2018-12-31,Sheriff's Office,False,0,False,0.0
WEBB CO CONSTABLE PCT 1 (PD),Webb County,0,2023-08-01,0,0,0,0,0,0,0,0,0,0,0,0,2018-12-31,Constable,False,0,False,0.0
WEBB CO SO,Webb County,8569,2019-09-01,0,0,0,0,0,0,0,0,0,0,0,0,2018-12-31,Sheriff's Office,False,0,False,0.0
WESLACO PD,Hidalgo County,40856,2021-01-01,0,0,0,0,0,0,0,0,0,0,0,0,2018-12-31,Police Department,False,0,False,0.0
ZAPATA CO SO,Zapata County,14316,2020-01-01,0,0,0,0,0,0,0,0,0,0,0,0,2018-12-31,Sheriff's Office,False,0,False,0.0
ALAMO PD,Hidalgo County,19903,2018-08-01,1,1,11,10,243,109,859,29,2,0,0,12,2019-12-31,Police Department,False,12,False,100.0
ALPINE PD,Brewster County,6021,2020-04-01,0,0,0,0,0,0,0,0,0,0,0,0,2019-12-31,Police Department,False,0,False,0.0
ALTON PD,Hidalgo County,18096,2019-09-01,2,0,2,3,55,15,108,5,1,1,0,4,2019-12-31,Police Department,False,4,False,100.0
ANTHONY PD,El Paso County,5738,2020-12-01,0,0,0,0,0,0,0,0,0,0,0,0,2019-12-31,Police Department,False,0,False,0.0
BREWSTER CO SO,Brewster County,3189,2015-01-01,0,0,1,0,21,5,4,3,0,0,0,11,2019-12-31,Sheriff's Office,False,12,False,91.67
BROWNSVILLE ISD PD,Cameron County,0,2020-10-01,0,0,0,0,0,0,0,0,0,0,0,0,2019-12-31,Police Department,False,0,False,0.0
BROWNSVILLE PD,Cameron County,184418,2018-03-01,0,1,83,144,2536,635,3835,121,27,0,0,12,2019-12-31,Police Department,False,12,False,100.0
CAMERON CO CONSTABLE PCT 3,Cameron County,0,2023-11-01,0,0,0,0,0,0,0,0,0,0,0,0,2019-12-31,Constable,False,0,False,0.0
CAMERON CO CONSTABLE PCT 4,Cameron County,0,2023-09-01,0,0,0,0,0,0,0,0,0,0,0,0,2019-12-31,Constable,False,0,False,0.0
CAMERON CO SO,Cameron County,103269,2021-01-01,0,0,0,0,0,0,0,0,0,0,0,0,2019-12-31,Sheriff's Office,False,0,False,0.0
CLINT PD,El Paso County,1142,2021-01-01,0,0,0,0,0,0,0,0,0,0,0,0,2019-12-31,Police Department,False,0,False,0.0
COMBES PD,Cameron County,3064,2019-10-01,0,0,0,0,10,0,5,0,0,0,0,3,2019-12-31,Police Department,False,3,False,100.0
DEL RIO PD,Val Verde County,35947,2022-01-01,0,0,0,0,0,0,0,0,0,0,0,0,2019-12-31,Police Department,False,0,False,0.0
DONNA PD,Hidalgo County,16715,2017-04-01,0,0,19,18,295,82,670,36,6,0,1,12,2019-12-31,Police Department,False,12,False,100.0
EAGLE PASS PD,Maverick County,29847,2021-01-01,0,0,0,0,0,0,0,0,0,0,0,0,2019-12-31,Police Department,False,0,False,0.0
EDCOUCH PD,Hidalgo County,3378,2015-07-01,0,0,0,0,9,6,5,0,0,0,0,4,2019-12-31,Police Department,False,12,False,33.33
EDINBURG CISD PD,Hidalgo County,0,2020-12-01,0,0,0,0,0,0,0,0,0,0,0,0,2019-12-31,Police Department,False,0,False,0.0
EDINBURG PD,Hidalgo County,100896,2021-01-01,0,0,0,0,0,0,0,0,0,0,0,0,2019-12-31,Police Department,False,0,False,0.0
EL PASO CO SO,El Paso County,82448,2019-10-01,0,1,11,4,320,42,109,34,1,0,0,6,2019-12-31,Sheriff's Office,False,3,True,100.0
EL PASO COMM COLLEGE PD,El Paso County,0,2021-01-01,0,0,0,0,0,0,0,0,0,0,0,0,2019-12-31,Sheriff's Office,True,0,False,0.0
EL PASO ISD PD,El Paso County,0,2021-01-01,0,0,0,0,0,0,0,0,0,0,0,0,2019-12-31,Sheriff's Office,False,0,False,0.0
EL PASO PD,El Paso County,686793,2019-08-01,30,1,119,132,3084,427,3875,397,4,0,0,6,2019-12-31,Sheriff's Office,False,5,True,100.0
ELSA PD,Hidalgo County,7226,2021-01-01,0,0,0,0,0,0,0,0,0,0,0,0,2019-12-31,Police Department,False,0,False,0.0
HARLINGEN PD,Cameron County,65481,2018-01-01,0,0,59,54,1237,447,2671,106,10,0,0,12,2019-12-31,Police Department,False,12,False,100.0
HIDALGO CO CONSTABLE PCT 1,Hidalgo County,0,2021-01-01,0,0,0,0,0,0,0,0,0,0,0,0,2019-12-31,Constable,False,0,False,0.0
HIDALGO CO CONSTABLE PCT 4,Hidalgo County,0,2023-09-01,0,0,0,0,0,0,0,0,0,0,0,0,2019-12-31,Constable,False,0,False,0.0
HIDALGO CO CONSTABLE PCT. 5,Hidalgo County,0,2023-09-01,0,0,0,0,0,0,0,0,0,0,0,0,2019-12-31,Constable,False,0,False,0.0
HIDALGO CO SO,Hidalgo County,252804,2019-09-01,1,0,53,48,981,290,692,124,0,0,0,5,2019-12-31,Sheriff's Office,False,4,True,100.0
HIDALGO PD,Hidalgo County,14281,2021-01-01,0,0,0,0,0,0,0,0,0,0,0,0,2019-12-31,Police Department,False,0,False,0.0
HORIZON CITY PD,El Paso County,20131,2021-01-01,0,0,0,0,0,0,0,0,0,0,0,0,2019-12-31,Police Department,False,0,False,0.0
HUDSPETH CO SO,Hudspeth County,4972,2018-04-01,0,0,0,0,32,3,9,2,1,0,0,12,2019-12-31,Sheriff's Office,False,12,False,100.0
JEFF DAVIS CO SO,Jeff Davis County,2227,2021-01-01,0,0,0,0,0,0,0,0,0,0,0,0,2019-12-31,Sheriff's Office,False,0,False,0.0
KINNEY CO SO,Kinney County,2007,2022-08-01,0,0,0,0,0,0,0,0,0,0,0,0,2019-12-31,Sheriff's Office,False,0,False,0.0
LA FERIA PD,Cameron County,7341,2021-01-01,0,0,0,0,0,0,0,0,0,0,0,0,2019-12-31,Police Department,False,0,False,0.0
LA GRULLA PD,Starr County,1709,2018-05-01,0,0,0,0,18,2,1,0,0,0,0,10,2019-12-31,Police Department,False,12,False,83.33
LA JOYA PD,Hidalgo County,4383,2021-01-01,0,0,0,0,0,0,0,0,0,0,0,0,2019-12-31,Police Department,False,0,False,0.0
LA VILLA PD,Hidalgo County,2856,2015-07-01,0,0,0,0,0,0,0,0,0,0,0,0,2019-12-31,Police Department,False,12,False,0.0
LAGUNA VISTA PD,Cameron County,3163,2018-04-01,0,0,2,2,23,8,17,2,0,0,0,12,2019-12-31,Police Department,False,12,False,100.0
LAREDO ISD PD,Webb County,0,2020-09-01,0,0,0,0,0,0,0,0,0,0,0,0,2019-12-31,Police Department,False,0,False,0.0
LAREDO PD,Webb County,264916,2019-01-01,4,1,116,166,2260,723,3909,272,39,0,44,12,2019-12-31,Police Department,False,12,False,100.0
LOS FRESNOS PD,Cameron County,7992,2017-10-01,0,0,1,1,59,12,108,4,0,0,0,12,2019-12-31,Police Department,False,12,False,100.0
MARFA PD,Presidio County,1682,2021-01-01,0,0,0,0,0,0,0,0,0,0,0,0,2019-12-31,Police Department,False,0,False,0.0
MAVERICK CO SO,Maverick County,28793,2021-01-01,0,0,0,0,0,0,0,0,0,0,0,0,2019-12-31,Sheriff's Office,False,0,False,0.0
MCALLEN ISD PD,Hidalgo County,0,2020-11-01,0,0,0,0,0,0,0,0,0,0,0,0,2019-12-31,Police Department,False,0,False,0.0
MCALLEN PD,Hidalgo County,144915,2021-01-01,0,0,0,0,0,0,0,0,0,0,0,0,2019-12-31,Police Department,False,0,False,0.0
MERCEDES PD,Hidalgo County,16882,2020-07-01,0,0,0,0,0,0,0,0,0,0,0,0,2019-12-31,Police Department,False,0,False,0.0
MISSION PD,Hidalgo County,85705,2021-10-01,0,0,0,0,0,0,0,0,0,0,0,0,2019-12-31,Police Department,False,0,False,0.0
PALM VALLEY PD,Cameron County,1249,2021-01-01,0,0,0,0,0,0,0,0,0,0,0,0,2019-12-31,Police Department,False,0,False,0.0
PALMHURST PD,Hidalgo County,2771,2019-10-01,0,0,0,2,11,1,30,0,0,0,0,4,2019-12-31,Police Department,False,3,True,100.0
PALMVIEW PD,Hidalgo County,5873,2018-02-01,2,0,5,4,213,63,209,16,1,0,0,12,2019-12-31,Police Department,False,12,False,100.0
PENITAS PD,Hidalgo County,4915,2019-01-01,0,0,1,0,45,28,65,6,2,0,0,12,2019-12-31,Police Department,False,12,False,100.0
PHARR PD,Hidalgo County,80896,2021-01-01,0,0,1,0,0,0,1,0,0,0,0,2,2019-12-31,Police Department,False,0,True,100.0
POINT ISABEL ISD PD,Cameron County,0,2022-01-01,0,0,0,0,0,0,0,0,0,0,0,0,2019-12-31,Police Department,False,0,False,0.0
PORT ISABEL PD,Cameron County,5058,2018-01-01,1,0,0,1,25,32,128,0,0,0,0,12,2019-12-31,Police Department,False,12,False,100.0
PORT OF BROWNSVILLE PD,Cameron County,0,2019-09-01,0,0,0,0,0,1,0,0,0,0,0,1,2019-12-31,Police Department,False,4,False,25.0
PRESIDIO CO SO,Presidio County,1180,2018-10-01,0,0,1,0,2,1,0,0,0,0,0,4,2019-12-31,Sheriff's Office,False,12,False,33.33
PRESIDIO PD,Presidio County,3936,2023-01-01,0,0,0,0,0,0,0,0,0,0,0,0,2019-12-31,Police Department,False,0,False,0.0
PRIMERA PD,Cameron County,5103,2021-01-01,0,0,0,0,0,0,0,0,0,0,0,0,2019-12-31,Police Department,False,0,False,0.0
RANCHO VIEJO PD,Cameron County,2480,2020-11-01,0,0,0,0,0,0,0,0,0,0,0,0,2019-12-31,Police Department,False,0,False,0.0
RIO GRANDE CITY ISD PD,Starr County,0,2021-01-01,0,0,0,0,0,0,0,0,0,0,0,0,2019-12-31,Police Department,False,0,False,0.0
RIO GRANDE CITY PD,Starr County,14607,2019-07-01,0,0,0,0,19,31,108,14,2,0,0,6,2019-12-31,Police Department,False,6,False,100.0
RIO HONDO PD,Cameron County,2806,2019-01-01,1,0,0,0,17,8,10,0,0,0,0,12,2019-12-31,Police Department,False,12,False,100.0
ROMA ISD PD,Starr County,0,2019-03-01,0,0,0,0,31,1,2,0,0,0,0,8,2019-12-31,Police Department,False,10,False,80.0
ROMA PD,Starr County,11527,2016-12-01,0,0,5,1,132,27,65,19,2,0,0,12,2019-12-31,Police Department,False,12,False,100.0
SAN BENITO PD,Cameron County,24394,2020-11-01,0,0,0,0,0,0,0,0,0,0,0,0,2019-12-31,Police Department,False,0,False,0.0
SAN ELIZARIO MARSHALS OFFICE,El Paso County,9129,2021-01-01,0,0,0,0,0,0,0,0,0,0,0,0,2019-12-31,,False,0,False,0.0
SAN JUAN PD,Hidalgo County,37542,2016-11-01,1,1,28,18,515,101,719,48,1,0,0,12,2019-12-31,Police Department,False,12,False,100.0
SANTA ROSA ISD PD,Cameron County,0,2022-01-01,0,0,0,0,0,0,0,0,0,0,0,0,2019-12-31,Police Department,False,0,False,0.0
SOCORRO ISD PD,El Paso County,0,2021-01-01,0,0,0,0,0,0,0,0,0,0,0,0,2019-12-31,Sheriff's Office,False,0,False,0.0
SOCORRO PD,El Paso County,34841,2021-01-01,0,0,0,0,0,0,0,0,0,0,0,0,2019-12-31,Sheriff's Office,False,0,False,0.0
SOUTH PADRE ISLAND PD,Cameron County,2805,2018-01-01,0,0,21,6,151,19,321,29,0,0,0,12,2019-12-31,Sheriff's Office,False,12,False,100.0
STARR CO SO,Starr County,36709,2021-01-01,0,0,0,0,0,0,0,0,0,0,0,0,2019-12-31,Sheriff's Office,False,0,False,0.0
SUL ROSS STATE UNIV PD,Brewster County,0,2018-04-01,0,0,0,0,3,5,1,0,0,0,0,7,2019-12-31,Police Department,True,12,False,58.33
SULLIVAN CITY PD,Hidalgo County,4152,2019-09-01,0,0,0,0,15,2,17,2,0,0,0,4,2019-12-31,Police Department,False,4,False,100.0
TERRELL CO SO,Terrell County,797,2021-01-01,0,0,0,0,0,0,0,0,0,0,0,0,2019-12-31,Sheriff's Office,False,0,False,0.0
TSTC: HARLINGEN PD,Cameron County,0,2020-10-01,0,0,0,0,0,0,0,0,0,0,0,0,2019-12-31,Police Department,False,0,False,0.0
TX A&M UNIV INTERNATIONAL PD,Webb County,0,2021-01-01,0,0,0,0,0,0,0,0,0,0,0,0,2019-12-31,Police Department,True,0,False,0.0
UNITED ISD PD,Webb County,0,2020-12-01,0,0,0,0,0,0,0,0,0,0,0,0,2019-12-31,Police Department,False,0,False,0.0
UNIV OF TX RIO GRANDE VALLEY PD,Hidalgo County,0,2020-02-01,0,0,0,0,0,0,0,0,0,0,0,0,2019-12-31,Police Department,True,0,False,0.0
UNIV OF TX: EL PASO PD,El Paso County,0,2020-05-01,0,0,0,0,0,0,0,0,0,0,0,0,2019-12-31,Sheriff's Office,True,0,False,0.0
VAL VERDE CO SO,Val Verde County,12980,2020-03-01,0,0,0,0,0,0,0,0,0,0,0,0,2019-12-31,Sheriff's Office,False,0,False,0.0
WEBB CO CONSTABLE PCT 1 (PD),Webb County,0,2023-08-01,0,0,0,0,0,0,0,0,0,0,0,0,2019-12-31,Constable,False,0,False,0.0
WEBB CO SO,Webb County,7760,2019-09-01,1,0,1,0,43,26,55,24,3,5,6,6,2019-12-31,Sheriff's Office,False,4,True,100.0
WESLACO PD,Hidalgo County,41729,2021-01-01,0,0,2,0,0,0,1,0,0,0,0,2,2019-12-31,Police Department,False,0,True,100.0
ZAPATA CO SO,Zapata County,14114,2020-01-01,0,0,0,0,0,0,0,0,0,0,0,0,2019-12-31,Sheriff's Office,False,0,False,0.0
ALAMO PD,Hidalgo County,20078,2018-08-01,2,0,18,6,292,101,607,46,0,0,0,12,2020-12-31,Police Department,False,12,False,100.0
ALPINE PD,Brewster County,5978,2020-04-01,0,0,0,0,19,17,4,5,1,0,0,9,2020-12-31,Police Department,False,9,False,100.0
ALTON PD,Hidalgo County,18632,2019-09-01,2,0,4,8,106,34,149,16,2,1,0,12,2020-12-31,Police Department,False,12,False,100.0
ANTHONY PD,El Paso County,5389,2020-12-01,0,0,0,0,0,0,2,0,0,0,0,1,2020-12-31,Police Department,False,1,False,100.0
BREWSTER CO SO,Brewster County,3188,2015-01-01,0,0,1,0,11,10,6,3,0,0,0,12,2020-12-31,Sheriff's Office,False,12,False,100.0
BROWNSVILLE ISD PD,Cameron County,0,2020-10-01,0,0,0,0,0,1,2,0,1,0,0,3,2020-12-31,Police Department,False,3,False,100.0
BROWNSVILLE PD,Cameron County,183627,2018-03-01,7,0,85,152,2401,404,2904,128,14,1,0,12,2020-12-31,Police Department,False,12,False,100.0
CAMERON CO CONSTABLE PCT 3,Cameron County,0,2023-11-01,0,0,0,0,0,0,0,0,0,0,0,0,2020-12-31,Constable,False,0,False,0.0
CAMERON CO CONSTABLE PCT 4,Cameron County,0,2023-09-01,0,0,0,0,0,0,0,0,0,0,0,0,2020-12-31,Constable,False,0,False,0.0
CAMERON CO SO,Cameron County,103897,2021-01-01,0,0,0,0,0,0,0,0,0,0,0,0,2020-12-31,Sheriff's Office,False,0,False,0.0
CLINT PD,El Paso County,1137,2021-01-01,0,0,0,0,0,0,0,0,0,0,0,0,2020-12-31,Police Department,False,0,False,0.0
COMBES PD,Cameron County,3002,2019-10-01,0,0,2,0,24,8,26,7,0,0,0,12,2020-12-31,Police Department,False,12,False,100.0
DEL RIO PD,Val Verde County,35733,2022-01-01,0,0,0,0,0,0,0,0,0,0,0,0,2020-12-31,Police Department,False,0,False,0.0
DONNA PD,Hidalgo County,16400,2017-04-01,1,0,17,22,169,81,436,37,3,0,4,12,2020-12-31,Police Department,False,12,False,100.0
EAGLE PASS PD,Maverick County,30029,2021-01-01,0,0,0,0,1,0,0,0,0,0,0,1,2020-12-31,Police Department,False,0,True,100.0
EDCOUCH PD,Hidalgo County,3329,2015-07-01,0,0,0,0,0,0,0,0,0,0,0,0,2020-12-31,Police Department,False,12,False,0.0
EDINBURG CISD PD,Hidalgo County,0,2020-12-01,0,0,0,0,1,0,0,0,0,0,0,1,2020-12-31,Police Department,False,1,False,100.0
EDINBURG PD,Hidalgo County,103491,2021-01-01,0,0,0,0,0,0,1,0,0,0,0,1,2020-12-31,Police Department,False,0,True,100.0
EL PASO CO SO,El Paso County,84959,2019-10-01,5,1,49,22,1329,115,432,64,3,1,0,12,2020-12-31,Sheriff's Office,False,12,False,100.0
EL PASO COMM COLLEGE PD,El Paso County,0,2021-01-01,0,0,0,0,0,0,0,0,0,0,0,0,2020-12-31,Sheriff's Office,True,0,False,0.0
EL PASO ISD PD,El Paso County,0,2021-01-01,0,0,0,0,0,0,0,0,0,0,0,0,2020-12-31,Sheriff's Office,False,0,False,0.0
EL PASO PD,El Paso County,685288,2019-08-01,23,15,308,296,6657,881,7591,543,16,0,0,12,2020-12-31,Sheriff's Office,False,12,False,100.0
ELSA PD,Hidalgo County,7274,2021-01-01,0,0,0,0,0,0,0,0,0,0,0,0,2020-12-31,Police Department,False,0,False,0.0
HARLINGEN PD,Cameron County,65014,2018-01-01,3,3,26,67,1136,317,2039,127,11,0,0,12,2020-12-31,Police Department,False,12,False,100.0
HIDALGO CO CONSTABLE PCT 1,Hidalgo County,0,2021-01-01,0,0,0,0,0,0,0,0,0,0,0,0,2020-12-31,Constable,False,0,False,0.0
HIDALGO CO CONSTABLE PCT 4,Hidalgo County,0,2023-09-01,0,0,0,0,0,0,0,0,0,0,0,0,2020-12-31,Constable,False,0,False,0.0
HIDALGO CO CONSTABLE PCT. 5,Hidalgo County,0,2023-09-01,0,0,0,0,0,0,0,0,0,0,0,0,2020-12-31,Constable,False,0,False,0.0
HIDALGO CO SO,Hidalgo County,256027,2019-09-01,15,0,112,70,2999,674,1988,355,8,0,0,12,2020-12-31,Sheriff's Office,False,12,False,100.0
HIDALGO PD,Hidalgo County,14370,2021-01-01,0,0,0,0,0,0,0,0,0,0,0,0,2020-12-31,Police Department,False,0,False,0.0
HORIZON CITY PD,El Paso County,19973,2021-01-01,0,0,0,0,0,0,0,0,0,0,0,0,2020-12-31,Police Department,False,0,False,0.0
HUDSPETH CO SO,Hudspeth County,5068,2018-04-01,0,0,1,0,14,5,6,4,0,0,0,12,2020-12-31,Sheriff's Office,False,12,False,100.0
JEFF DAVIS CO SO,Jeff Davis County,2259,2021-01-01,0,0,0,0,0,0,0,0,0,0,0,0,2020-12-31,Sheriff's Office,False,0,False,0.0
KINNEY CO SO,Kinney County,1977,2022-08-01,0,0,0,0,0,0,0,0,0,0,0,0,2020-12-31,Sheriff's Office,False,0,False,0.0
LA FERIA PD,Cameron County,7232,2021-01-01,0,0,0,0,0,0,0,0,0,0,0,0,2020-12-31,Police Department,False,0,False,0.0
LA GRULLA PD,Starr County,1710,2018-05-01,0,0,0,0,14,0,1,1,0,0,0,10,2020-12-31,Police Department,False,12,False,83.33
LA JOYA PD,Hidalgo County,4326,2021-01-01,0,0,0,0,0,0,0,0,0,0,0,0,2020-12-31,Police Department,False,0,False,0.0
LA VILLA PD,Hidalgo County,2921,2015-07-01,0,0,0,0,0,0,0,0,0,0,0,0,2020-12-31,Police Department,False,12,False,0.0
LAGUNA VISTA PD,Cameron County,3183,2018-04-01,0,0,0,0,14,5,13,1,0,0,0,10,2020-12-31,Police Department,False,12,False,83.33
LAREDO ISD PD,Webb County,0,2020-09-01,0,0,0,0,0,0,2,0,0,0,0,2,2020-12-31,Police Department,False,4,False,50.0
LAREDO PD,Webb County,265515,2019-01-01,12,0,95,155,2097,640,3077,226,60,0,0,12,2020-12-31,Police Department,False,12,False,100.0
LOS FRESNOS PD,Cameron County,7929,2017-10-01,0,0,2,1,22,9,98,5,0,0,0,12,2020-12-31,Police Department,False,12,False,100.0
MARFA PD,Presidio County,1589,2021-01-01,0,0,0,0,6,1,0,0,0,0,0,4,2020-12-31,Police Department,False,0,True,100.0
MAVERICK CO SO,Maverick County,28989,2021-01-01,0,0,0,0,0,0,0,0,0,0,0,0,2020-12-31,Sheriff's Office,False,0,False,0.0
MCALLEN ISD PD,Hidalgo County,0,2020-11-01,0,0,0,0,0,1,0,0,0,0,0,1,2020-12-31,Police Department,False,2,False,50.0
MCALLEN PD,Hidalgo County,144569,2021-01-01,0,0,0,0,1,0,0,0,0,0,0,1,2020-12-31,Police Department,False,0,True,100.0
MERCEDES PD,Hidalgo County,16699,2020-07-01,0,0,4,3,148,29,199,27,2,0,0,6,2020-12-31,Police Department,False,6,False,100.0
MISSION PD,Hidalgo County,85052,2021-10-01,0,0,0,0,0,0,0,0,0,0,0,0,2020-12-31,Police Department,False,0,False,0.0
PALM VALLEY PD,Cameron County,1232,2021-01-01,0,0,0,0,0,0,0,0,0,0,0,0,2020-12-31,Police Department,False,0,False,0.0
PALMHURST PD,Hidalgo County,2753,2019-10-01,0,0,0,0,19,3,93,0,0,0,0,12,2020-12-31,Police Department,False,12,False,100.0
PALMVIEW PD,Hidalgo County,5806,2018-02-01,1,0,10,6,254,61,214,11,3,0,0,12,2020-12-31,Police Department,False,12,False,100.0
PENITAS PD,Hidalgo County,4756,2019-01-01,0,1,1,1,47,13,52,2,0,0,0,12,2020-12-31,Police Department,False,12,False,100.0
PHARR PD,Hidalgo County,80098,2021-01-01,0,0,0,0,2,2,0,0,0,0,0,4,2020-12-31,Police Department,False,0,True,100.0
POINT ISABEL ISD PD,Cameron County,0,2022-01-01,0,0,0,0,0,0,0,0,0,0,0,0,2020-12-31,Police Department,False,0,False,0.0
PORT ISABEL PD,Cameron County,6244,2018-01-01,1,0,1,0,20,10,71,1,0,0,0,12,2020-12-31,Police Department,False,12,False,100.0
PORT OF BROWNSVILLE PD,Cameron County,0,2019-09-01,0,0,0,0,3,0,5,0,0,0,0,7,2020-12-31,Police Department,False,12,False,58.33
PRESIDIO CO SO,Presidio County,1139,2018-10-01,0,0,0,0,0,0,0,0,0,0,0,0,2020-12-31,Sheriff's Office,False,12,False,0.0
PRESIDIO PD,Presidio County,3836,2023-01-01,0,0,0,0,0,0,0,0,0,0,0,0,2020-12-31,Police Department,False,0,False,0.0
PRIMERA PD,Cameron County,5250,2021-01-01,0,0,0,0,0,0,0,0,0,0,0,0,2020-12-31,Police Department,False,0,False,0.0
RANCHO VIEJO PD,Cameron County,2462,2020-11-01,0,0,0,0,0,0,1,0,0,0,0,1,2020-12-31,Police Department,False,2,False,50.0
RIO GRANDE CITY ISD PD,Starr County,0,2021-01-01,0,0,0,0,0,0,0,0,0,0,0,0,2020-12-31,Police Department,False,0,False,0.0
RIO GRANDE CITY PD,Starr County,14587,2019-07-01,0,0,0,2,31,84,208,31,1,0,0,12,2020-12-31,Police Department,False,12,False,100.0
RIO HONDO PD,Cameron County,2744,2019-01-01,0,0,1,0,9,8,13,1,0,0,0,11,2020-12-31,Police Department,False,12,False,91.67
ROMA ISD PD,Starr County,0,2019-03-01,0,0,0,0,6,0,2,0,0,0,0,3,2020-12-31,Police Department,False,12,False,25.0
ROMA PD,Starr County,11559,2016-12-01,1,0,3,1,150,17,71,17,1,0,0,12,2020-12-31,Police Department,False,12,False,100.0
SAN BENITO PD,Cameron County,24237,2020-11-01,0,0,1,1,18,17,66,15,0,0,0,2,2020-12-31,Police Department,False,2,False,100.0
SAN ELIZARIO MARSHALS OFFICE,El Paso County,9070,2021-01-01,0,0,0,0,0,0,0,0,0,0,0,0,2020-12-31,,False,0,False,0.0
SAN JUAN PD,Hidalgo County,37337,2016-11-01,1,1,15,15,436,84,627,41,3,0,0,12,2020-12-31,Police Department,False,12,False,100.0
SANTA ROSA ISD PD,Cameron County,0,2022-01-01,0,0,0,0,0,0,0,0,0,0,0,0,2020-12-31,Police Department,False,0,False,0.0
SOCORRO ISD PD,El Paso County,0,2021-01-01,0,0,0,0,0,0,0,0,0,0,0,0,2020-12-31,Sheriff's Office,False,0,False,0.0
SOCORRO PD,El Paso County,34626,2021-01-01,0,0,0,0,0,0,0,0,0,0,0,0,2020-12-31,Sheriff's Office,False,0,False,0.0
SOUTH PADRE ISLAND PD,Cameron County,2772,2018-01-01,0,0,12,3,253,26,337,13,0,0,0,12,2020-12-31,Sheriff's Office,False,12,False,100.0
STARR CO SO,Starr County,36956,2021-01-01,0,0,0,0,0,0,0,0,0,0,0,0,2020-12-31,Sheriff's Office,False,0,False,0.0
SUL ROSS STATE UNIV PD,Brewster County,0,2018-04-01,0,0,0,0,1,0,2,0,0,0,0,3,2020-12-31,Police Department,True,12,False,25.0
SULLIVAN CITY PD,Hidalgo County,4186,2019-09-01,0,0,0,0,0,0,0,0,0,0,0,0,2020-12-31,Police Department,False,12,False,0.0
TERRELL CO SO,Terrell County,751,2021-01-01,0,0,0,0,0,0,0,0,0,0,0,0,2020-12-31,Sheriff's Office,False,0,False,0.0
TSTC: HARLINGEN PD,Cameron County,0,2020-10-01,0,0,0,0,0,0,1,0,0,0,0,1,2020-12-31,Police Department,False,3,False,33.33
TX A&M UNIV INTERNATIONAL PD,Webb County,0,2021-01-01,0,0,0,0,0,0,0,0,0,0,0,0,2020-12-31,Police Department,True,0,False,0.0
UNITED ISD PD,Webb County,0,2020-12-01,0,0,0,0,0,0,0,0,0,0,0,0,2020-12-31,Police Department,False,1,False,0.0
UNIV OF TX RIO GRANDE VALLEY PD,Hidalgo County,0,2020-02-01,0,0,1,0,5,1,24,1,0,0,0,11,2020-12-31,Police Department,True,11,False,100.0
UNIV OF TX: EL PASO PD,El Paso County,0,2020-05-01,0,0,0,0,7,3,4,1,0,0,0,6,2020-12-31,Sheriff's Office,True,8,False,75.0
VAL VERDE CO SO,Val Verde County,13131,2020-03-01,0,0,5,3,127,40,44,11,2,0,0,10,2020-12-31,Sheriff's Office,False,10,False,100.0
WEBB CO CONSTABLE PCT 1 (PD),Webb County,0,2023-08-01,0,0,0,0,0,0,0,0,0,0,0,0,2020-12-31,Constable,False,0,False,0.0
WEBB CO SO,Webb County,8533,2019-09-01,0,0,5,2,184,78,210,25,2,0,17,12,2020-12-31,Sheriff's Office,False,12,False,100.0
WESLACO PD,Hidalgo County,42184,2021-01-01,0,0,2,0,3,0,0,0,0,0,0,3,2020-12-31,Police Department,False,0,True,100.0
ZAPATA CO SO,Zapata County,14142,2020-01-01,0,0,0,3,65,36,73,0,0,0,0,12,2020-12-31,Sheriff's Office,False,12,False,100.0
ALAMO PD,Hidalgo County,20779,2018-08-01,3,0,19,7,309,63,544,35,1,0,0,12,2021-12-31,Police Department,False,12,False,100.0
ALPINE PD,Brewster County,6037,2020-04-01,1,0,1,0,20,11,10,3,1,0,0,10,2021-12-31,Police Department,False,12,False,83.33
ALTON PD,Hidalgo County,19344,2019-09-01,0,0,6,9,94,34,146,22,1,0,0,12,2021-12-31,Police Department,False,12,False,100.0
ANTHONY PD,El Paso County,5279,2020-12-01,0,0,5,2,39,3,25,7,0,0,0,12,2021-12-31,Police Department,False,12,False,100.0
BREWSTER CO SO,Brewster County,3106,2015-01-01,0,0,1,0,19,14,9,10,0,0,0,12,2021-12-31,Sheriff's Office,False,12,False,100.0
BROWNSVILLE ISD PD,Cameron County,0,2020-10-01,0,0,2,0,190,6,42,0,0,0,0,11,2021-12-31,Police Department,False,12,False,91.67
BROWNSVILLE PD,Cameron County,184287,2018-03-01,2,0,91,131,2524,425,2824,137,21,0,0,12,2021-12-31,Police Department,False,12,False,100.0
CAMERON CO CONSTABLE PCT 3,Cameron County,0,2023-11-01,0,0,0,0,0,0,0,0,0,0,0,0,2021-12-31,Constable,False,0,False,0.0
CAMERON CO CONSTABLE PCT 4,Cameron County,0,2023-09-01,0,0,0,0,0,0,0,0,0,0,0,0,2021-12-31,Constable,False,0,False,0.0
CAMERON CO SO,Cameron County,101348,2021-01-01,4,0,66,15,1193,181,474,85,3,0,0,12,2021-12-31,Sheriff's Office,False,12,False,100.0
CLINT PD,El Paso County,1138,2021-01-01,0,0,0,0,4,0,1,0,0,0,0,4,2021-12-31,Police Department,False,12,False,33.33
COMBES PD,Cameron County,3055,2019-10-01,0,0,4,0,25,5,29,2,0,0,0,12,2021-12-31,Police Department,False,12,False,100.0
DEL RIO PD,Val Verde County,35696,2022-01-01,0,0,0,0,0,0,0,0,0,0,0,0,2021-12-31,Police Department,False,0,False,0.0
DONNA PD,Hidalgo County,16371,2017-04-01,0,0,14,12,254,48,317,43,1,1,4,12,2021-12-31,Police Department,False,12,False,100.0
EAGLE PASS PD,Maverick County,29807,2021-01-01,0,0,3,9,336,215,453,73,1,0,0,12,2021-12-31,Police Department,False,12,False,100.0
EDCOUCH PD,Hidalgo County,3287,2015-07-01,0,0,0,0,0,0,0,0,0,0,0,0,2021-12-31,Police Department,False,12,False,0.0
EDINBURG CISD PD,Hidalgo County,0,2020-12-01,0,0,0,0,68,0,5,0,0,0,0,10,2021-12-31,Police Department,False,12,False,83.33
EDINBURG PD,Hidalgo County,104604,2021-01-01,3,0,79,41,1925,264,1989,82,5,0,0,12,2021-12-31,Police Department,False,12,False,100.0
EL PASO CO SO,El Paso County,79634,2019-10-01,5,4,70,22,1317,124,496,112,7,0,0,12,2021-12-31,Sheriff's Office,False,12,False,100.0
EL PASO COMM COLLEGE PD,El Paso County,0,2021-01-01,0,0,0,0,0,1,1,0,0,0,0,2,2021-12-31,Sheriff's Office,True,12,False,16.67
EL PASO ISD PD,El Paso County,0,2021-01-01,0,0,6,3,194,18,52,4,0,0,0,12,2021-12-31,Sheriff's Office,False,12,False,100.0
EL PASO PD,El Paso County,684737,2019-08-01,33,6,370,243,6233,1189,6832,1023,41,0,0,12,2021-12-31,Sheriff's Office,False,12,False,100.0
ELSA PD,Hidalgo County,7205,2021-01-01,0,0,2,1,98,30,145,7,0,0,0,12,2021-12-31,Police Department,False,12,False,100.0
HARLINGEN PD,Cameron County,65186,2018-01-01,6,2,10,51,1201,336,1763,142,10,1,7,12,2021-12-31,Police Department,False,12,False,100.0
HIDALGO CO CONSTABLE PCT 1,Hidalgo County,0,2021-01-01,0,0,0,0,1,0,0,0,0,0,0,1,2021-12-31,Constable,False,12,False,8.33
HIDALGO CO CONSTABLE PCT 4,Hidalgo County,0,2023-09-01,0,0,0,0,0,0,0,0,0,0,0,0,2021-12-31,Constable,False,0,False,0.0
HIDALGO CO CONSTABLE PCT. 5,Hidalgo County,0,2023-09-01,0,0,0,0,0,0,0,0,0,0,0,0,2021-12-31,Constable,False,0,False,0.0
HIDALGO CO SO,Hidalgo County,250859,2019-09-01,10,0,123,81,3330,542,1908,381,10,0,0,12,2021-12-31,Sheriff's Office,False,12,False,100.0
HIDALGO PD,Hidalgo County,14488,2021-01-01,1,0,7,1,116,19,100,14,1,0,0,12,2021-12-31,Police Department,False,12,False,100.0
HORIZON CITY PD,El Paso County,20628,2021-01-01,0,0,15,3,95,18,87,11,1,0,0,12,2021-12-31,Police Department,False,12,False,100.0
HUDSPETH CO SO,Hudspeth County,5037,2018-04-01,0,0,3,0,27,1,2,1,0,0,0,11,2021-12-31,Sheriff's Office,False,12,False,91.67
JEFF DAVIS CO SO,Jeff Davis County,2186,2021-01-01,0,0,0,0,9,0,1,1,0,0,0,7,2021-12-31,Sheriff's Office,False,12,False,58.33
KINNEY CO SO,Kinney County,1962,2022-08-01,0,0,0,0,0,0,0,0,0,0,0,0,2021-12-31,Sheriff's Office,False,0,False,0.0
LA FERIA PD,Cameron County,7243,2021-01-01,0,1,6,2,83,18,61,12,1,0,0,12,2021-12-31,Police Department,False,12,False,100.0
LA GRULLA PD,Starr County,1688,2018-05-01,0,0,0,1,18,5,4,1,0,0,0,10,2021-12-31,Police Department,False,12,False,83.33
LA JOYA PD,Hidalgo County,4638,2021-01-01,0,0,4,0,19,4,10,0,0,0,0,10,2021-12-31,Police Department,False,12,False,83.33
LA VILLA PD,Hidalgo County,2989,2015-07-01,0,0,0,0,0,0,0,0,0,0,0,0,2021-12-31,Police Department,False,12,False,0.0
LAGUNA VISTA PD,Cameron County,3223,2018-04-01,0,0,0,0,17,2,11,0,0,0,0,10,2021-12-31,Police Department,False,12,False,83.33
LAREDO ISD PD,Webb County,0,2020-09-01,0,0,0,0,26,0,4,0,1,0,0,6,2021-12-31,Police Department,False,12,False,50.0
LAREDO PD,Webb County,266489,2019-01-01,13,2,110,95,2313,407,2668,220,60,0,0,12,2021-12-31,Police Department,False,12,False,100.0
LOS FRESNOS PD,Cameron County,7908,2017-10-01,0,0,2,2,39,8,75,3,0,0,0,12,2021-12-31,Police Department,False,12,False,100.0
MARFA PD,Presidio County,1555,2021-01-01,0,0,0,0,7,0,2,0,0,0,0,4,2021-12-31,Police Department,False,12,False,33.33
MAVERICK CO SO,Maverick County,28396,2021-01-01,3,0,17,6,191,211,259,62,3,0,0,12,2021-12-31,Sheriff's Office,False,12,False,100.0
MCALLEN ISD PD,Hidalgo County,0,2020-11-01,0,0,0,0,72,2,13,0,0,0,0,10,2021-12-31,Police Department,False,12,False,83.33
MCALLEN PD,Hidalgo County,144973,2021-01-01,0,0,44,18,2248,107,2481,41,12,0,0,12,2021-12-31,Police Department,False,12,False,100.0
MERCEDES PD,Hidalgo County,16684,2020-07-01,1,0,9,5,306,46,336,36,3,0,0,12,2021-12-31,Police Department,False,12,False,100.0
MISSION PD,Hidalgo County,85163,2021-10-01,2,0,19,8,264,43,263,24,1,0,0,4,2021-12-31,Police Department,False,3,True,100.0
PALM VALLEY PD,Cameron County,1223,2021-01-01,0,0,0,0,0,0,0,0,0,0,0,0,2021-12-31,Police Department,False,12,False,0.0
PALMHURST PD,Hidalgo County,2735,2019-10-01,0,0,1,2,33,2,91,0,0,0,0,12,2021-12-31,Police Department,False,12,False,100.0
PALMVIEW PD,Hidalgo County,5875,2018-02-01,3,0,8,5,216,53,149,25,0,0,0,12,2021-12-31,Police Department,False,12,False,100.0
PENITAS PD,Hidalgo County,4625,2019-01-01,0,0,2,1,44,10,29,10,0,0,0,12,2021-12-31,Police Department,False,12,False,100.0
PHARR PD,Hidalgo County,80436,2021-01-01,6,0,52,15,1127,161,1064,86,2,0,0,12,2021-12-31,Police Department,False,12,False,100.0
POINT ISABEL ISD PD,Cameron County,0,2022-01-01,0,0,0,0,0,0,0,0,0,0,0,0,2021-12-31,Police Department,False,0,False,0.0
PORT ISABEL PD,Cameron County,6217,2018-01-01,0,0,1,0,47,1,37,0,1,0,0,12,2021-12-31,Police Department,False,12,False,100.0
PORT OF BROWNSVILLE PD,Cameron County,0,2019-09-01,0,0,0,0,4,3,4,1,1,0,0,8,2021-12-31,Police Department,False,12,False,66.67
PRESIDIO CO SO,Presidio County,1060,2018-10-01,0,0,0,0,1,0,0,0,0,0,0,1,2021-12-31,Sheriff's Office,False,12,False,8.33
PRESIDIO PD,Presidio County,3707,2023-01-01,0,0,0,0,0,0,0,0,0,0,0,0,2021-12-31,Police Department,False,0,False,0.0
PRIMERA PD,Cameron County,5394,2021-01-01,0,0,0,0,25,0,2,0,0,0,0,11,2021-12-31,Police Department,False,12,False,91.67
RANCHO VIEJO PD,Cameron County,2447,2020-11-01,0,0,0,0,8,2,18,0,0,0,0,9,2021-12-31,Police Department,False,12,False,75.0
RIO GRANDE CITY ISD PD,Starr County,0,2021-01-01,0,0,1,0,15,0,8,0,0,0,0,8,2021-12-31,Police Department,False,12,False,66.67
RIO GRANDE CITY PD,Starr County,14498,2019-07-01,0,0,2,0,46,76,148,21,2,0,0,12,2021-12-31,Police Department,False,12,False,100.0
RIO HONDO PD,Cameron County,2669,2019-01-01,0,0,2,0,9,5,10,3,0,0,0,10,2021-12-31,Police Department,False,12,False,83.33
ROMA ISD PD,Starr County,0,2019-03-01,0,0,0,0,25,0,5,0,0,0,0,6,2021-12-31,Police Department,False,12,False,50.0
ROMA PD,Starr County,11534,2016-12-01,0,0,6,0,121,19,69,13,1,0,0,12,2021-12-31,Police Department,False,12,False,100.0
SAN BENITO PD,Cameron County,24065,2020-11-01,1,0,5,8,144,80,347,42,0,2,0,12,2021-12-31,Police Department,False,12,False,100.0
SAN ELIZARIO MARSHALS OFFICE,El Paso County,9041,2021-01-01,0,0,3,1,24,4,20,2,0,0,0,11,2021-12-31,,False,12,False,91.67
SAN JUAN PD,Hidalgo County,37333,2016-11-01,0,0,10,9,320,52,439,35,0,0,0,12,2021-12-31,Police Department,False,12,False,100.0
SANTA ROSA ISD PD,Cameron County,0,2022-01-01,0,0,0,0,0,0,0,0,0,0,0,0,2021-12-31,Police Department,False,0,False,0.0
SOCORRO ISD PD,El Paso County,0,2021-01-01,0,0,4,0,52,2,16,0,0,0,0,10,2021-12-31,Sheriff's Office,False,12,False,83.33
SOCORRO PD,El Paso County,36282,2021-01-01,1,0,18,6,255,52,187,57,3,0,0,12,2021-12-31,Sheriff's Office,False,12,False,100.0
SOUTH PADRE ISLAND PD,Cameron County,2744,2018-01-01,5,0,14,5,302,15,297,13,0,0,0,12,2021-12-31,Sheriff's Office,False,12,False,100.0
STARR CO SO,Starr County,36223,2021-01-01,0,0,6,1,150,74,53,15,4,0,0,12,2021-12-31,Sheriff's Office,False,12,False,100.0
SUL ROSS STATE UNIV PD,Brewster County,0,2018-04-01,0,0,0,0,5,0,2,0,0,0,0,4,2021-12-31,Police Department,True,12,False,33.33
SULLIVAN CITY PD,Hidalgo County,4239,2019-09-01,0,0,0,0,0,0,0,0,0,0,0,0,2021-12-31,Police Department,False,12,False,0.0
TERRELL CO SO,Terrell County,670,2021-01-01,0,0,0,0,0,0,0,0,0,0,0,0,2021-12-31,Sheriff's Office,False,12,False,0.0
TSTC: HARLINGEN PD,Cameron County,0,2020-10-01,0,0,1,0,6,0,3,0,0,0,0,5,2021-12-31,Police Department,False,12,False,41.67
TX A&M UNIV INTERNATIONAL PD,Webb County,0,2021-01-01,0,0,0,0,0,1,14,0,0,0,0,7,2021-12-31,Police Department,True,12,False,58.33
UNITED ISD PD,Webb County,0,2020-12-01,0,0,0,0,0,0,0,0,0,0,0,0,2021-12-31,Police Department,False,12,False,0.0
UNIV OF TX RIO GRANDE VALLEY PD,Hidalgo County,0,2020-02-01,0,0,2,0,7,2,32,0,0,0,0,11,2021-12-31,Police Department,True,12,False,91.67
UNIV OF TX: EL PASO PD,El Paso County,0,2020-05-01,0,0,0,0,19,5,22,1,0,0,0,11,2021-12-31,Sheriff's Office,True,12,False,91.67
VAL VERDE CO SO,Val Verde County,12849,2020-03-01,0,0,11,2,283,65,52,14,1,0,0,12,2021-12-31,Sheriff's Office,False,12,False,100.0
WEBB CO CONSTABLE PCT 1 (PD),Webb County,0,2023-08-01,0,0,0,0,0,0,0,0,0,0,0,0,2021-12-31,Constable,False,0,False,0.0
WEBB CO SO,Webb County,6586,2019-09-01,0,0,8,4,193,40,131,48,1,0,53,12,2021-12-31,Sheriff's Office,False,12,False,100.0
WESLACO PD,Hidalgo County,43954,2021-01-01,1,0,45,32,753,132,1013,34,0,0,0,12,2021-12-31,Police Department,False,12,False,100.0
ZAPATA CO SO,Zapata County,14039,2020-01-01,0,0,0,0,55,26,37,1,0,0,0,12,2021-12-31,Sheriff's Office,False,12,False,100.0
ALAMO PD,Hidalgo County,20383,2018-08-01,0,0,20,14,129,153,646,50,1,0,0,12,2022-12-31,Police Department,False,12,False,100.0
ALPINE PD,Brewster County,5757,2020-04-01,0,0,1,0,32,5,7,1,2,0,0,12,2022-12-31,Police Department,False,12,False,100.0
ALTON PD,Hidalgo County,19391,2019-09-01,0,0,1,6,102,33,158,22,1,0,0,11,2022-12-31,Police Department,False,12,False,91.67
ANTHONY PD,El Paso County,3662,2020-12-01,0,0,2,3,37,0,30,10,0,0,0,12,2022-12-31,Police Department,False,12,False,100.0
BREWSTER CO SO,Brewster County,3634,2015-01-01,0,0,0,1,6,2,5,3,0,0,0,7,2022-12-31,Sheriff's Office,False,12,False,58.33
BROWNSVILLE ISD PD,Cameron County,0,2020-10-01,0,0,0,0,316,4,85,0,0,0,0,11,2022-12-31,Police Department,False,12,False,91.67
BROWNSVILLE PD,Cameron County,188906,2018-03-01,4,2,74,127,2685,411,2935,193,18,1,0,12,2022-12-31,Police Department,False,12,False,100.0
CAMERON CO CONSTABLE PCT 3,Cameron County,0,2023-11-01,0,0,0,0,0,0,0,0,0,0,0,0,2022-12-31,Constable,False,0,False,0.0
CAMERON CO CONSTABLE PCT 4,Cameron County,0,2023-09-01,0,0,0,0,0,0,0,0,0,0,0,0,2022-12-31,Constable,False,0,False,0.0
CAMERON CO SO,Cameron County,96998,2021-01-01,4,1,55,17,1276,160,475,98,7,0,0,12,2022-12-31,Sheriff's Office,False,12,False,100.0
CLINT PD,El Paso County,925,2021-01-01,0,0,0,0,2,1,1,0,0,0,0,4,2022-12-31,Police Department,False,12,False,33.33
COMBES PD,Cameron County,3071,2019-10-01,0,0,2,0,20,7,23,9,0,0,0,12,2022-12-31,Police Department,False,12,False,100.0
DEL RIO PD,Val Verde County,34495,2022-01-01,1,1,16,13,269,154,322,30,7,0,0,12,2022-12-31,Police Department,False,12,False,100.0
DONNA PD,Hidalgo County,16842,2017-04-01,2,1,11,6,200,55,352,49,4,2,0,12,2022-12-31,Police Department,False,12,False,100.0
EAGLE PASS PD,Maverick County,28811,2021-01-01,0,0,1,10,314,168,533,84,2,0,1,12,2022-12-31,Police Department,False,12,False,100.0
EDCOUCH PD,Hidalgo County,2708,2015-07-01,0,0,0,0,0,0,0,0,0,0,0,0,2022-12-31,Police Department,False,12,False,0.0
EDINBURG CISD PD,Hidalgo County,0,2020-12-01,0,0,2,0,120,0,9,0,0,0,0,11,2022-12-31,Police Department,False,12,False,91.67
EDINBURG PD,Hidalgo County,104987,2021-01-01,3,0,68,59,1866,232,2028,91,6,0,0,12,2022-12-31,Police Department,False,12,False,100.0
EL PASO CO SO,El Paso County,120450,2019-10-01,10,3,51,31,1731,141,684,197,12,0,0,12,2022-12-31,Sheriff's Office,False,12,False,100.0
EL PASO COMM COLLEGE PD,El Paso County,0,2021-01-01,0,0,0,0,2,0,9,0,0,0,0,7,2022-12-31,Sheriff's Office,True,12,False,58.33
EL PASO ISD PD,El Paso County,0,2021-01-01,0,0,4,2,230,14,63,1,1,0,0,12,2022-12-31,Sheriff's Office,False,12,False,100.0
EL PASO PD,El Paso County,678232,2019-08-01,22,5,302,271,7405,981,7169,1461,62,1,0,12,2022-12-31,Sheriff's Office,False,12,False,100.0
ELSA PD,Hidalgo County,5683,2021-01-01,1,0,2,2,86,45,205,10,0,0,0,12,2022-12-31,Police Department,False,12,False,100.0
HARLINGEN PD,Cameron County,72047,2018-01-01,3,0,12,52,1075,261,1669,130,11,1,0,12,2022-12-31,Police Department,False,12,False,100.0
HIDALGO CO CONSTABLE PCT 1,Hidalgo County,0,2021-01-01,0,0,0,0,1,0,0,0,0,0,0,1,2022-12-31,Constable,False,12,False,8.33
HIDALGO CO CONSTABLE PCT 4,Hidalgo County,0,2023-09-01,0,0,0,0,0,0,0,0,0,0,0,0,2022-12-31,Constable,False,0,False,0.0
HIDALGO CO CONSTABLE PCT. 5,Hidalgo County,0,2023-09-01,0,0,0,0,0,0,0,0,0,0,0,0,2022-12-31,Constable,False,0,False,0.0
HIDALGO CO SO,Hidalgo County,262967,2019-09-01,14,0,103,100,3481,560,1959,415,14,0,0,12,2022-12-31,Sheriff's Office,False,12,False,100.0
HIDALGO PD,Hidalgo County,14468,2021-01-01,1,4,4,3,69,14,152,18,1,0,0,12,2022-12-31,Police Department,False,12,False,100.0
HORIZON CITY PD,El Paso County,23726,2021-01-01,0,0,4,1,122,24,143,32,0,0,0,12,2022-12-31,Police Department,False,12,False,100.0
HUDSPETH CO SO,Hudspeth County,3401,2018-04-01,0,0,0,0,1,3,0,1,0,0,0,5,2022-12-31,Sheriff's Office,False,12,False,41.67
JEFF DAVIS CO SO,Jeff Davis County,1932,2021-01-01,0,0,0,0,4,1,2,2,0,0,0,8,2022-12-31,Sheriff's Office,False,12,False,66.67
KINNEY CO SO,Kinney County,1755,2022-08-01,0,0,0,0,2,0,0,2,0,0,0,2,2022-12-31,Sheriff's Office,False,5,False,40.0
LA FERIA PD,Cameron County,6791,2021-01-01,0,0,8,2,83,24,138,7,0,0,0,12,2022-12-31,Police Department,False,12,False,100.0
LA GRULLA PD,Starr County,1208,2018-05-01,0,0,0,2,14,1,4,3,1,0,0,11,2022-12-31,Police Department,False,12,False,91.67
LA JOYA PD,Hidalgo County,4666,2021-01-01,0,0,5,0,23,9,16,0,0,0,0,12,2022-12-31,Police Department,False,12,False,100.0
LA VILLA PD,Hidalgo County,2782,2015-07-01,0,0,2,0,11,4,20,2,0,0,0,6,2022-12-31,Police Department,False,12,False,50.0
LAGUNA VISTA PD,Cameron County,3673,2018-04-01,0,0,1,0,11,5,10,0,0,0,0,9,2022-12-31,Police Department,False,12,False,75.0
LAREDO ISD PD,Webb County,0,2020-09-01,0,0,0,0,58,0,3,0,1,0,0,9,2022-12-31,Police Department,False,12,False,75.0
LAREDO PD,Webb County,256973,2019-01-01,12,1,72,130,2179,412,2678,284,36,0,26,12,2022-12-31,Police Department,False,12,False,100.0
LOS FRESNOS PD,Cameron County,8164,2017-10-01,0,0,3,0,49,4,112,4,0,0,0,11,2022-12-31,Police Department,False,12,False,91.67
MARFA PD,Presidio County,1749,2021-01-01,0,0,0,0,8,0,3,1,0,0,0,10,2022-12-31,Police Department,False,12,False,83.33
MAVERICK CO SO,Maverick County,29808,2021-01-01,0,0,15,6,193,175,254,56,1,0,0,12,2022-12-31,Sheriff's Office,False,12,False,100.0
MCALLEN ISD PD,Hidalgo County,0,2020-11-01,0,0,0,0,171,0,43,1,0,0,0,11,2022-12-31,Police Department,False,12,False,91.67
MCALLEN PD,Hidalgo County,145510,2021-01-01,5,6,58,42,2162,159,2629,64,13,0,0,12,2022-12-31,Police Department,False,12,False,100.0
MERCEDES PD,Hidalgo County,16365,2020-07-01,0,0,13,7,404,49,393,40,4,0,0,12,2022-12-31,Police Department,False,12,False,100.0
MISSION PD,Hidalgo County,86577,2021-10-01,1,0,74,30,899,162,1183,119,6,3,0,12,2022-12-31,Police Department,False,12,False,100.0
PALM VALLEY PD,Cameron County,1384,2021-01-01,0,0,0,0,0,0,0,0,0,0,0,0,2022-12-31,Police Department,False,12,False,0.0
PALMHURST PD,Hidalgo County,2600,2019-10-01,0,0,1,1,21,4,174,1,0,0,0,12,2022-12-31,Police Department,False,12,False,100.0
PALMVIEW PD,Hidalgo County,15919,2018-02-01,0,1,5,7,207,71,151,14,0,0,0,12,2022-12-31,Police Department,False,12,False,100.0
PENITAS PD,Hidalgo County,6348,2019-01-01,0,0,2,1,23,5,26,2,0,0,0,12,2022-12-31,Police Department,False,12,False,100.0
PHARR PD,Hidalgo County,79558,2021-01-01,0,3,55,28,931,167,964,117,0,0,0,12,2022-12-31,Police Department,False,12,False,100.0
POINT ISABEL ISD PD,Cameron County,0,2022-01-01,0,0,0,0,2,0,0,0,0,0,0,1,2022-12-31,Police Department,False,12,False,8.33
PORT ISABEL PD,Cameron County,5165,2018-01-01,0,0,4,0,82,13,88,10,0,0,0,12,2022-12-31,Police Department,False,12,False,100.0
PORT OF BROWNSVILLE PD,Cameron County,0,2019-09-01,0,0,0,0,1,4,0,0,0,0,0,4,2022-12-31,Police Department,False,12,False,33.33
PRESIDIO CO SO,Presidio County,1131,2018-10-01,0,0,0,0,0,1,0,0,0,0,0,1,2022-12-31,Sheriff's Office,False,12,False,8.33
PRESIDIO PD,Presidio County,3335,2023-01-01,0,0,0,0,0,0,0,0,0,0,0,0,2022-12-31,Police Department,False,0,False,0.0
PRIMERA PD,Cameron County,5319,2021-01-01,0,0,1,0,20,1,7,1,0,0,0,12,2022-12-31,Police Department,False,12,False,100.0
RANCHO VIEJO PD,Cameron County,2867,2020-11-01,0,0,0,0,5,4,15,1,0,0,0,9,2022-12-31,Police Department,False,12,False,75.0
RIO GRANDE CITY ISD PD,Starr County,0,2021-01-01,0,0,0,0,10,0,6,0,0,0,0,9,2022-12-31,Police Department,False,12,False,75.0
RIO GRANDE CITY PD,Starr County,15705,2019-07-01,1,0,0,2,42,72,179,22,1,0,0,12,2022-12-31,Police Department,False,12,False,100.0
RIO HONDO PD,Cameron County,2012,2019-01-01,0,0,1,1,20,4,28,3,0,0,0,11,2022-12-31,Police Department,False,12,False,91.67
ROMA ISD PD,Starr County,0,2019-03-01,0,0,0,0,31,0,1,0,0,0,0,10,2022-12-31,Police Department,False,12,False,83.33
ROMA PD,Starr County,11547,2016-12-01,0,0,2,2,122,12,67,9,0,0,0,12,2022-12-31,Police Department,False,12,False,100.0
SAN BENITO PD,Cameron County,24712,2020-11-01,0,0,0,10,167,66,335,37,2,1,10,12,2022-12-31,Police Department,False,12,False,100.0
SAN ELIZARIO MARSHALS OFFICE,El Paso County,10080,2021-01-01,0,0,0,1,15,6,20,6,0,0,0,11,2022-12-31,,False,12,False,91.67
SAN JUAN PD,Hidalgo County,35806,2016-11-01,0,0,13,14,372,79,571,53,2,0,0,12,2022-12-31,Police Department,False,12,False,100.0
SANTA ROSA ISD PD,Cameron County,0,2022-01-01,0,0,0,0,7,0,0,0,0,0,0,5,2022-12-31,Police Department,False,12,False,41.67
SOCORRO ISD PD,El Paso County,0,2021-01-01,0,0,5,1,117,2,16,2,1,0,0,11,2022-12-31,Sheriff's Office,False,12,False,91.67
SOCORRO PD,El Paso County,37952,2021-01-01,3,0,22,9,303,41,189,59,1,0,0,12,2022-12-31,Sheriff's Office,False,12,False,100.0
SOUTH PADRE ISLAND PD,Cameron County,2048,2018-01-01,0,0,13,5,190,12,259,19,0,0,0,12,2022-12-31,Sheriff's Office,False,12,False,100.0
STARR CO SO,Starr County,38202,2021-01-01,0,0,8,3,174,50,55,29,2,0,0,12,2022-12-31,Sheriff's Office,False,12,False,100.0
SUL ROSS STATE UNIV PD,Brewster County,0,2018-04-01,0,0,0,0,2,3,3,0,0,0,0,6,2022-12-31,Police Department,True,12,False,50.0
SULLIVAN CITY PD,Hidalgo County,3896,2019-09-01,0,0,0,1,34,12,26,2,0,0,0,12,2022-12-31,Police Department,False,12,False,100.0
TERRELL CO SO,Terrell County,709,2021-01-01,0,0,0,0,0,0,0,0,0,0,0,0,2022-12-31,Sheriff's Office,False,12,False,0.0
TSTC: HARLINGEN PD,Cameron County,0,2020-10-01,0,0,0,0,3,0,1,0,0,0,0,4,2022-12-31,Police Department,False,12,False,33.33
TX A&M UNIV INTERNATIONAL PD,Webb County,0,2021-01-01,0,0,1,0,4,0,14,0,0,0,0,10,2022-12-31,Police Department,True,12,False,83.33
UNITED ISD PD,Webb County,0,2020-12-01,0,0,0,0,37,0,0,0,0,0,0,6,2022-12-31,Police Department,False,12,False,50.0
UNIV OF TX RIO GRANDE VALLEY PD,Hidalgo County,0,2020-02-01,0,0,2,0,16,2,55,1,0,0,0,12,2022-12-31,Police Department,True,12,False,100.0
UNIV OF TX: EL PASO PD,El Paso County,0,2020-05-01,0,0,0,0,21,3,91,3,1,0,0,12,2022-12-31,Sheriff's Office,True,12,False,100.0
VAL VERDE CO SO,Val Verde County,13336,2020-03-01,1,0,11,11,205,45,85,8,3,0,0,12,2022-12-31,Sheriff's Office,False,12,False,100.0
WEBB CO CONSTABLE PCT 1 (PD),Webb County,0,2023-08-01,0,0,0,0,0,0,0,0,0,0,0,0,2022-12-31,Constable,False,0,False,0.0
WEBB CO SO,Webb County,8945,2019-09-01,0,1,10,3,134,26,105,28,2,2,66,12,2022-12-31,Sheriff's Office,False,12,False,100.0
WESLACO PD,Hidalgo County,41478,2021-01-01,1,1,27,26,772,127,1109,34,0,0,0,12,2022-12-31,Police Department,False,12,False,100.0
ZAPATA CO SO,Zapata County,14016,2020-01-01,0,0,1,0,39,12,22,0,0,0,0,12,2022-12-31,Sheriff's Office,False,12,False,100.0
ALAMO PD,Hidalgo County,20383,2018-08-01,1,0,14,4,164,96,726,62,2,0,0,12,2023-12-31,Police Department,False,12,False,100.0
ALPINE PD,Brewster County,5757,2020-04-01,0,0,0,0,19,1,2,0,0,0,0,9,2023-12-31,Police Department,False,12,False,75.0
ALTON PD,Hidalgo County,19391,2019-09-01,1,0,2,9,157,80,159,22,1,0,0,12,2023-12-31,Police Department,False,12,False,100.0
ANTHONY PD,El Paso County,3662,2020-12-01,0,0,3,0,52,4,27,7,1,0,0,12,2023-12-31,Police Department,False,12,False,100.0
BREWSTER CO SO,Brewster County,3634,2015-01-01,0,0,0,0,18,11,4,1,0,0,0,12,2023-12-31,Sheriff's Office,False,12,False,100.0
BROWNSVILLE ISD PD,Cameron County,0,2020-10-01,0,0,0,0,351,4,60,0,0,0,0,12,2023-12-31,Police Department,False,12,False,100.0
BROWNSVILLE PD,Cameron County,188906,2018-03-01,9,3,44,110,2556,429,3053,411,22,1,0,12,2023-12-31,Police Department,False,12,False,100.0
CAMERON CO CONSTABLE PCT 3,Cameron County,0,2023-11-01,0,0,0,0,2,0,0,0,0,0,0,2,2023-12-31,Constable,False,2,False,100.0
CAMERON CO CONSTABLE PCT 4,Cameron County,0,2023-09-01,0,0,0,0,0,0,0,0,0,0,0,0,2023-12-31,Constable,False,4,False,0.0
CAMERON CO SO,Cameron County,96998,2021-01-01,6,0,44,32,1268,178,505,97,5,0,0,12,2023-12-31,Sheriff's Office,False,12,False,100.0
CLINT PD,El Paso County,925,2021-01-01,0,0,0,0,2,0,2,0,0,0,0,3,2023-12-31,Police Department,False,12,False,25.0
COMBES PD,Cameron County,3071,2019-10-01,0,0,1,0,13,4,30,5,0,0,0,12,2023-12-31,Police Department,False,12,False,100.0
DEL RIO PD,Val Verde County,34495,2022-01-01,0,0,17,2,275,142,386,25,3,0,0,12,2023-12-31,Police Department,False,12,False,100.0
DONNA PD,Hidalgo County,16842,2017-04-01,2,0,11,14,250,78,457,74,0,1,0,12,2023-12-31,Police Department,False,12,False,100.0
EAGLE PASS PD,Maverick County,28811,2021-01-01,0,0,1,7,302,137,454,73,3,0,0,12,2023-12-31,Police Department,False,12,False,100.0
EDCOUCH PD,Hidalgo County,2708,2015-07-01,0,0,0,0,16,1,8,1,0,0,0,8,2023-12-31,Police Department,False,12,False,66.67
EDINBURG CISD PD,Hidalgo County,0,2020-12-01,0,0,1,0,167,0,25,0,0,0,0,11,2023-12-31,Police Department,False,12,False,91.67
EDINBURG PD,Hidalgo County,104987,2021-01-01,2,0,82,30,1856,173,2033,125,4,0,0,12,2023-12-31,Police Department,False,12,False,100.0
EL PASO CO SO,El Paso County,120450,2019-10-01,7,0,46,20,1977,173,644,233,3,0,0,12,2023-12-31,Sheriff's Office,False,12,False,100.0
EL PASO COMM COLLEGE PD,El Paso County,0,2021-01-01,0,0,0,0,3,0,10,0,0,0,0,8,2023-12-31,Sheriff's Office,True,12,False,66.67
EL PASO ISD PD,El Paso County,0,2021-01-01,0,0,0,3,196,9,62,2,0,0,0,12,2023-12-31,Sheriff's Office,False,12,False,100.0
EL PASO PD,El Paso County,678232,2019-08-01,33,4,256,305,7496,1118,7300,2207,94,2,0,12,2023-12-31,Sheriff's Office,False,12,False,100.0
ELSA PD,Hidalgo County,5683,2021-01-01,0,0,2,7,82,29,153,3,0,0,0,12,2023-12-31,Police Department,False,12,False,100.0
HARLINGEN PD,Cameron County,72047,2018-01-01,2,0,11,37,973,263,1430,147,9,1,7,12,2023-12-31,Police Department,False,12,False,100.0
HIDALGO CO CONSTABLE PCT 1,Hidalgo County,0,2021-01-01,1,0,0,0,1,0,0,0,0,0,0,2,2023-12-31,Constable,False,12,False,16.67
HIDALGO CO CONSTABLE PCT 4,Hidalgo County,0,2023-09-01,0,0,0,0,0,0,0,0,0,0,0,0,2023-12-31,Constable,False,4,False,0.0
HIDALGO CO CONSTABLE PCT. 5,Hidalgo County,0,2023-09-01,0,0,0,0,0,0,0,0,0,0,0,0,2023-12-31,Constable,False,4,False,0.0
HIDALGO CO SO,Hidalgo County,262967,2019-09-01,8,0,122,95,3544,600,1925,497,10,0,0,12,2023-12-31,Sheriff's Office,False,12,False,100.0
HIDALGO PD,Hidalgo County,14468,2021-01-01,1,0,6,1,131,18,184,24,0,0,0,12,2023-12-31,Police Department,False,12,False,100.0
HORIZON CITY PD,El Paso County,23726,2021-01-01,0,0,7,0,99,15,167,31,1,0,0,12,2023-12-31,Police Department,False,12,False,100.0
HUDSPETH CO SO,Hudspeth County,3401,2018-04-01,0,0,0,0,6,3,3,1,0,0,0,8,2023-12-31,Sheriff's Office,False,12,False,66.67
JEFF DAVIS CO SO,Jeff Davis County,1932,2021-01-01,0,0,0,0,10,5,8,1,0,0,0,10,2023-12-31,Sheriff's Office,False,12,False,83.33
KINNEY CO SO,Kinney County,1755,2022-08-01,0,0,0,0,1,1,2,2,0,0,0,4,2023-12-31,Sheriff's Office,False,12,False,33.33
LA FERIA PD,Cameron County,6791,2021-01-01,0,0,0,1,70,13,88,15,1,0,0,12,2023-12-31,Police Department,False,12,False,100.0
LA GRULLA PD,Starr County,1208,2018-05-01,0,0,1,2,13,5,4,3,0,0,0,10,2023-12-31,Police Department,False,12,False,83.33
LA JOYA PD,Hidalgo County,4666,2021-01-01,0,0,1,0,28,10,16,0,1,0,0,12,2023-12-31,Police Department,False,12,False,100.0
LA VILLA PD,Hidalgo County,2782,2015-07-01,0,0,0,2,49,3,51,3,0,0,0,12,2023-12-31,Police Department,False,12,False,100.0
LAGUNA VISTA PD,Cameron County,3673,2018-04-01,0,0,1,0,14,11,18,3,0,0,0,12,2023-12-31,Police Department,False,12,False,100.0
LAREDO ISD PD,Webb County,0,2020-09-01,0,0,0,0,53,0,3,0,0,0,0,7,2023-12-31,Police Department,False,12,False,58.33
LAREDO PD,Webb County,256973,2019-01-01,10,1,126,86,2501,451,2732,333,36,0,4,12,2023-12-31,Police Department,False,12,False,100.0
LOS FRESNOS PD,Cameron County,8164,2017-10-01,0,0,2,1,72,12,104,7,0,0,0,12,2023-12-31,Police Department,False,12,False,100.0
MARFA PD,Presidio County,1749,2021-01-01,0,0,0,0,5,0,0,3,0,0,0,5,2023-12-31,Police Department,False,12,False,41.67
MAVERICK CO SO,Maverick County,29808,2021-01-01,6,0,7,7,207,150,204,60,2,0,0,12,2023-12-31,Sheriff's Office,False,12,False,100.0
MCALLEN ISD PD,Hidalgo County,0,2020-11-01,0,0,0,0,169,1,31,0,0,0,0,12,2023-12-31,Police Department,False,12,False,100.0
MCALLEN PD,Hidalgo County,145510,2021-01-01,7,1,52,35,2023,163,2593,92,3,1,0,12,2023-12-31,Police Department,False,12,False,100.0
MERCEDES PD,Hidalgo County,16365,2020-07-01,0,0,17,13,308,39,492,42,3,0,0,12,2023-12-31,Police Department,False,12,False,100.0
MISSION PD,Hidalgo County,86577,2021-10-01,1,0,27,12,867,103,847,43,5,0,0,12,2023-12-31,Police Department,False,12,False,100.0
PALM VALLEY PD,Cameron County,1384,2021-01-01,0,0,0,0,1,0,0,1,0,0,0,1,2023-12-31,Police Department,False,12,False,8.33
PALMHURST PD,Hidalgo County,2600,2019-10-01,0,0,0,2,16,1,221,0,0,0,0,12,2023-12-31,Police Department,False,12,False,100.0
PALMVIEW PD,Hidalgo County,15919,2018-02-01,0,0,2,5,163,55,134,34,1,0,0,12,2023-12-31,Police Department,False,12,False,100.0
PENITAS PD,Hidalgo County,6348,2019-01-01,0,0,0,0,39,4,48,1,0,0,0,12,2023-12-31,Police Department,False,12,False,100.0
PHARR PD,Hidalgo County,79558,2021-01-01,2,0,29,21,879,180,937,122,1,0,0,12,2023-12-31,Police Department,False,12,False,100.0
POINT ISABEL ISD PD,Cameron County,0,2022-01-01,0,0,0,0,0,0,0,0,0,0,0,0,2023-12-31,Police Department,False,12,False,0.0
PORT ISABEL PD,Cameron County,5165,2018-01-01,0,0,2,0,82,11,123,8,1,0,0,12,2023-12-31,Police Department,False,12,False,100.0
PORT OF BROWNSVILLE PD,Cameron County,0,2019-09-01,0,0,0,2,2,8,1,0,0,0,0,5,2023-12-31,Police Department,False,12,False,41.67
PRESIDIO CO SO,Presidio County,1131,2018-10-01,0,0,0,0,0,0,0,0,0,0,0,0,2023-12-31,Sheriff's Office,False,12,False,0.0
PRESIDIO PD,Presidio County,3335,2023-01-01,0,0,1,0,5,0,0,0,0,0,0,4,2023-12-31,Police Department,False,12,False,33.33
PRIMERA PD,Cameron County,5319,2021-01-01,0,0,0,0,24,1,15,0,0,0,0,11,2023-12-31,Police Department,False,12,False,91.67
RANCHO VIEJO PD,Cameron County,2867,2020-11-01,0,0,2,0,2,0,8,0,0,0,0,7,2023-12-31,Police Department,False,12,False,58.33
RIO GRANDE CITY ISD PD,Starr County,0,2021-01-01,0,0,0,0,27,0,5,0,0,0,0,10,2023-12-31,Police Department,False,12,False,83.33
RIO GRANDE CITY PD,Starr County,15705,2019-07-01,0,0,0,0,38,48,222,34,3,0,0,12,2023-12-31,Police Department,False,12,False,100.0
RIO HONDO PD,Cameron County,2012,2019-01-01,0,0,3,1,24,5,26,2,0,0,0,12,2023-12-31,Police Department,False,12,False,100.0
ROMA ISD PD,Starr County,0,2019-03-01,0,0,0,0,29,0,9,0,0,0,0,10,2023-12-31,Police Department,False,12,False,83.33
ROMA PD,Starr County,11547,2016-12-01,0,0,3,1,102,16,81,3,1,0,0,12,2023-12-31,Police Department,False,12,False,100.0
SAN BENITO PD,Cameron County,24712,2020-11-01,0,0,0,13,204,91,651,54,1,1,2,12,2023-12-31,Police Department,False,12,False,100.0
SAN ELIZARIO MARSHALS OFFICE,El Paso County,10080,2021-01-01,0,0,0,0,10,5,4,3,0,0,0,9,2023-12-31,,False,12,False,75.0
SAN JUAN PD,Hidalgo County,35806,2016-11-01,2,1,0,21,348,112,399,32,0,4,0,12,2023-12-31,Police Department,False,12,False,100.0
SANTA ROSA ISD PD,Cameron County,0,2022-01-01,0,0,0,0,5,0,0,0,0,0,0,3,2023-12-31,Police Department,False,12,False,25.0
SOCORRO ISD PD,El Paso County,0,2021-01-01,0,0,4,3,147,1,24,1,0,0,0,12,2023-12-31,Sheriff's Office,False,12,False,100.0
SOCORRO PD,El Paso County,37952,2021-01-01,0,0,21,12,267,38,161,95,0,0,0,12,2023-12-31,Sheriff's Office,False,12,False,100.0
SOUTH PADRE ISLAND PD,Cameron County,2048,2018-01-01,0,0,8,4,178,17,212,49,0,0,0,12,2023-12-31,Sheriff's Office,False,12,False,100.0
STARR CO SO,Starr County,38202,2021-01-01,2,0,7,7,183,68,88,19,1,0,0,12,2023-12-31,Sheriff's Office,False,12,False,100.0
SUL ROSS STATE UNIV PD,Brewster County,0,2018-04-01,0,0,2,0,2,8,2,0,0,0,0,8,2023-12-31,Police Department,True,12,False,66.67
SULLIVAN CITY PD,Hidalgo County,3896,2019-09-01,0,0,0,0,41,11,26,6,0,0,0,12,2023-12-31,Police Department,False,12,False,100.0
TERRELL CO SO,Terrell County,709,2021-01-01,0,0,0,0,0,0,0,0,0,0,0,0,2023-12-31,Sheriff's Office,False,12,False,0.0
TSTC: HARLINGEN PD,Cameron County,0,2020-10-01,0,0,0,0,2,1,4,0,0,0,0,3,2023-12-31,Police Department,False,12,False,25.0
TX A&M UNIV INTERNATIONAL PD,Webb County,0,2021-01-01,0,0,0,0,1,1,0,0,0,0,0,2,2023-12-31,Police Department,True,12,False,16.67
UNITED ISD PD,Webb County,0,2020-12-01,0,0,0,0,52,0,1,0,0,0,0,6,2023-12-31,Police Department,False,12,False,50.0
UNIV OF TX RIO GRANDE VALLEY PD,Hidalgo County,0,2020-02-01,0,0,2,0,23,1,56,1,0,0,0,12,2023-12-31,Police Department,True,12,False,100.0
UNIV OF TX: EL PASO PD,El Paso County,0,2020-05-01,0,0,0,0,13,12,44,6,1,0,0,12,2023-12-31,Sheriff's Office,True,12,False,100.0
VAL VERDE CO SO,Val Verde County,13336,2020-03-01,1,0,15,5,239,48,69,17,1,0,0,12,2023-12-31,Sheriff's Office,False,12,False,100.0
WEBB CO CONSTABLE PCT 1 (PD),Webb County,0,2023-08-01,0,0,0,0,0,0,0,0,0,0,0,0,2023-12-31,Constable,False,5,False,0.0
WEBB CO SO,Webb County,8945,2019-09-01,0,0,11,2,151,27,133,13,3,1,58,12,2023-12-31,Sheriff's Office,False,12,False,100.0
WESLACO PD,Hidalgo County,41478,2021-01-01,0,0,22,35,798,128,1482,97,2,0,0,12,2023-12-31,Police Department,False,12,False,100.0
ZAPATA CO SO,Zapata County,14016,2020-01-01,0,0,0,0,53,19,52,0,0,0,0,12,2023-12-31,Sheriff's Office,False,12,False,100.0
